/*
SQLyog 企业版 - MySQL GUI v8.14 
MySQL - 5.7.4-m14 : Database - srhui
*********************************************************************
*/

/*!40101 SET NAMES utf8 */;

/*!40101 SET SQL_MODE=''*/;

/*!40014 SET @OLD_UNIQUE_CHECKS=@@UNIQUE_CHECKS, UNIQUE_CHECKS=0 */;
/*!40014 SET @OLD_FOREIGN_KEY_CHECKS=@@FOREIGN_KEY_CHECKS, FOREIGN_KEY_CHECKS=0 */;
/*!40101 SET @OLD_SQL_MODE=@@SQL_MODE, SQL_MODE='NO_AUTO_VALUE_ON_ZERO' */;
/*!40111 SET @OLD_SQL_NOTES=@@SQL_NOTES, SQL_NOTES=0 */;
CREATE DATABASE /*!32312 IF NOT EXISTS*/`srhui` /*!40100 DEFAULT CHARACTER SET utf8 */;

USE `srhui`;

/*Table structure for table `sr_admin_user` */

DROP TABLE IF EXISTS `sr_admin_user`;

CREATE TABLE `sr_admin_user` (
  `id` int(10) unsigned NOT NULL AUTO_INCREMENT,
  `username` varchar(32) NOT NULL DEFAULT '',
  `userpass` varchar(32) NOT NULL DEFAULT '',
  `email` varchar(80) NOT NULL DEFAULT '',
  `realname` varchar(45) NOT NULL DEFAULT '',
  `addtime` int(10) unsigned NOT NULL DEFAULT '0',
  `lasttime` int(10) unsigned NOT NULL DEFAULT '0',
  `popedom` varchar(1000) NOT NULL DEFAULT '',
  `ishidden` tinyint(1) unsigned NOT NULL DEFAULT '0',
  `salt` varchar(32) NOT NULL DEFAULT '',
  PRIMARY KEY (`id`),
  KEY `ishidden` (`ishidden`)
) ENGINE=MyISAM AUTO_INCREMENT=4 DEFAULT CHARSET=utf8;

/*Data for the table `sr_admin_user` */

insert  into `sr_admin_user`(`id`,`username`,`userpass`,`email`,`realname`,`addtime`,`lasttime`,`popedom`,`ishidden`,`salt`) values (3,'ekiny','2a76287c7eacc83b32e963f11a0b7587','85136105@qq.com','杨',0,0,'*',0,'q75TYQ7ZRZ87Yybrp84z');

/*Table structure for table `sr_anti_word` */

DROP TABLE IF EXISTS `sr_anti_word`;

CREATE TABLE `sr_anti_word` (
  `id` int(11) NOT NULL AUTO_INCREMENT,
  `word` char(32) NOT NULL DEFAULT '' COMMENT '垃圾词',
  `addtime` datetime NOT NULL DEFAULT '0000-00-00 00:00:00' COMMENT '添加时间',
  PRIMARY KEY (`id`)
) ENGINE=MyISAM AUTO_INCREMENT=535 DEFAULT CHARSET=utf8 COMMENT='垃圾词';

/*Data for the table `sr_anti_word` */

insert  into `sr_anti_word`(`id`,`word`,`addtime`) values (1,'国民党','2012-08-28 15:23:10'),(2,'邓小平','2012-08-28 15:23:10'),(3,'江泽民','2012-08-28 15:23:10'),(4,'胡锦涛','2012-08-28 15:23:10'),(5,'共产党','2012-08-28 15:23:10'),(6,'毛主席','2012-08-28 15:23:10'),(7,'毛泽东','2012-08-28 15:23:10'),(8,'中共','2012-08-28 15:23:10'),(9,'中国共产党','2012-08-28 15:23:10'),(10,'枪','2012-08-28 15:23:10'),(11,'弹药','2012-08-28 15:23:10'),(12,'枪支','2012-08-28 15:23:10'),(13,'氣槍','2012-08-28 15:23:10'),(14,'猎槍','2012-08-28 15:23:10'),(15,'来福','2012-08-28 15:23:10'),(16,'雷鸣登','2012-08-28 15:23:10'),(17,'五连发','2012-08-28 15:23:10'),(18,'平式双管','2012-08-28 15:23:10'),(19,'立式双管','2012-08-28 15:23:10'),(20,'麻醉','2012-08-28 15:23:10'),(21,'军用','2012-08-28 15:23:10'),(22,'进口','2012-08-28 15:23:10'),(23,'录入员','2012-08-28 15:23:10'),(24,'招聘兼职','2012-08-28 15:23:10'),(25,'1332566258','2012-08-28 15:23:10'),(26,'直流电阻测试仪','2012-08-28 15:23:10'),(27,'继电保护测试仪','2012-08-28 15:23:10'),(28,'串联谐振','2012-08-28 15:23:10'),(29,'分压器','2012-08-28 15:23:10'),(30,'www.hbyhdl.com','2012-08-28 15:23:10'),(31,'www.bd-seo.net','2012-08-28 15:23:10'),(32,'武汉网站优化','2012-08-28 15:23:10'),(33,'武汉网络推广','2012-08-28 15:23:10'),(34,'武汉网络营销','2012-08-28 15:23:10'),(35,'武汉SEO','2012-08-28 15:23:10'),(36,'大脚骨矫正器','2012-08-28 15:23:10'),(37,'379056061','2012-08-28 15:23:10'),(38,'拇外翻','2012-08-28 15:23:10'),(39,'小姐','2012-08-28 15:23:10'),(40,'习近平','2012-08-28 15:23:10'),(41,'王立军','2012-08-28 15:23:10'),(42,'两会','2012-08-28 15:23:10'),(43,'薄熙来','2012-08-28 15:23:10'),(44,'谷开来','2012-08-28 15:23:10'),(45,'唱红打黑','2012-08-28 15:23:10'),(46,'听党指挥','2012-08-28 15:23:10'),(47,'薄一波','2012-08-28 15:23:10'),(48,'李长春','2012-08-28 15:23:10'),(49,'周永康','2012-08-28 15:23:10'),(50,'政府','2012-08-28 15:23:10'),(51,'zhenfu','2012-08-28 15:23:10'),(52,'傻逼','2012-08-28 15:23:10'),(53,'zhengfu','2012-08-28 15:23:10'),(54,'他杀','2012-08-28 15:23:10'),(55,'枪杀','2012-08-28 15:23:10'),(56,'谋杀','2012-08-28 15:23:10'),(57,'起义','2012-08-28 15:23:10'),(58,'就义','2012-08-28 15:23:10'),(59,'法轮功','2012-08-28 15:23:10'),(60,'邪教','2012-08-28 15:23:10'),(61,'GCD','2012-08-28 15:23:10'),(62,'hege123','2012-08-28 15:23:10'),(63,'菲律宾','2012-08-28 15:23:10'),(64,'薄熙莱','2012-08-28 15:23:10'),(65,'小姐上门','2012-08-28 15:23:10'),(66,'一夜情','2012-08-28 15:23:10'),(67,'性爱','2012-08-28 15:23:10'),(68,'性息','2012-08-28 15:23:10'),(69,'武汉婚纱摄影','2012-08-28 15:23:10'),(70,'武汉婚纱照','2012-08-28 15:23:10'),(71,'武汉艺术照','2012-08-28 15:23:10'),(72,'武汉婚纱摄影工作室','2012-08-28 15:23:10'),(73,'www.yilongphoto.com','2012-08-28 15:23:10'),(74,'www.windyx.com','2012-08-28 15:23:10'),(75,'www.ruile.net','2012-08-28 15:23:10'),(76,'www.wo-niu.com.cn','2012-08-28 15:23:10'),(77,'www.wlzb518.com','2012-08-28 15:23:10'),(78,'www.wufangzhai-zongzi.com','2012-08-28 15:23:10'),(79,'www.hege123.com','2012-08-28 15:23:10'),(80,'按摩','2012-08-28 15:23:10'),(81,'按摩服务','2012-08-28 15:23:10'),(82,'cwsurf.de','2012-08-28 15:23:10'),(83,'出台','2012-08-28 15:23:10'),(84,'包夜','2012-08-28 15:23:10'),(85,'www.maizongzi.com','2012-08-28 15:23:10'),(86,'代刷','2012-08-28 15:23:10'),(87,'微笑网络','2012-08-28 15:23:10'),(88,'刷信誉','2012-08-28 15:23:10'),(89,'53530.cn','2012-08-28 15:23:10'),(90,'waimaodao.com','2012-08-28 15:23:10'),(91,'小 妹','2012-08-28 15:23:10'),(92,'上 门 服 务','2012-08-28 15:23:10'),(93,'小 妹 上 门','2012-08-28 15:23:10'),(94,'王哥','2012-08-28 15:23:10'),(95,'花姐','2012-08-28 15:23:10'),(96,'学妹','2012-08-28 15:23:10'),(97,'姓ˊ感ˊ少ˊ妇','2012-08-28 15:23:10'),(98,'丰ˊ韵ˊ熟ˊ妇','2012-08-28 15:23:10'),(99,'丽人岛休闲会所','2012-08-28 15:23:10'),(100,'越ˊ南ˊ妹','2012-08-28 15:23:10'),(101,'77057','2012-08-28 15:23:10'),(102,'饥ˊ渴ˊ熟ˊ女','2012-08-28 15:23:10'),(103,'饥渴熟女','2012-08-28 15:23:10'),(104,'性感人妻','2012-08-28 15:23:10'),(105,'姓感少妇','2012-08-28 15:23:10'),(106,'51gouku.com','2012-08-28 15:23:10'),(107,'51够酷','2012-08-28 15:23:10'),(108,'585.cc','2012-08-28 15:23:10'),(109,'腋臭','2012-08-28 15:23:10'),(110,'狐臭','2012-08-28 15:23:10'),(111,'兼职学生妹','2012-08-28 15:23:10'),(112,'湘湘','2012-08-28 15:23:10'),(113,'小唐','2012-08-28 15:23:10'),(114,'学生妹','2012-08-28 15:23:10'),(115,'wufangzhai-zongzi.com','2012-08-28 15:23:10'),(116,'冰毒','2012-08-28 15:23:10'),(117,'海洛因','2012-08-28 15:23:10'),(118,'毒品','2012-08-28 15:23:10'),(119,'吸毒','2012-08-28 15:23:10'),(120,'66dao.com','2012-08-28 15:23:10'),(121,'办证','2012-08-28 15:23:10'),(122,'赵小姐','2012-08-28 15:23:10'),(123,'douyapai.com','2012-08-28 15:23:10'),(124,'ntxz.cc','2012-08-28 15:23:10'),(125,'豆芽派','2012-08-28 15:23:10'),(126,'tdjyedu','2012-08-28 15:23:10'),(127,'自考招生','2012-08-28 15:23:10'),(128,'sinoest','2012-08-28 15:23:10'),(129,'身份證买卖','2012-08-28 15:23:10'),(130,'身份证买卖','2012-08-28 15:23:10'),(131,'895316992','2012-08-28 15:23:10'),(132,'爱游中国','2012-08-28 15:23:10'),(133,'上門服务','2012-08-28 15:23:10'),(134,'客人隐私','2012-08-28 15:23:10'),(135,'suoniao.com','2012-08-28 15:23:10'),(136,'男科医院','2012-08-28 15:23:10'),(137,'男性医院','2012-08-28 15:23:10'),(138,'包皮','2012-08-28 15:23:10'),(139,'包茎','2012-08-28 15:23:10'),(140,'男科','2012-08-28 15:23:10'),(141,'做爱','2012-08-28 15:23:10'),(142,'小妹上门','2012-08-28 15:23:10'),(143,'小妹服务','2012-08-28 15:23:10'),(144,'sm','2012-08-28 15:23:10'),(145,'sm女王','2012-08-28 15:23:10'),(146,'成熟少妇','2012-08-28 15:23:10'),(147,'包吹','2012-08-28 15:23:10'),(148,'极品校花','2012-08-28 15:23:10'),(149,'sinoest.com','2012-08-28 15:23:10'),(150,'尖锐湿疣','2012-08-28 15:23:10'),(151,'耳鼻喉医院','2012-08-28 15:23:10'),(152,'过敏性鼻炎','2012-08-28 15:23:10'),(153,'ibuonline.com','2012-08-28 15:23:10'),(154,'福彩','2012-08-28 15:23:10'),(155,'福彩3d','2012-08-28 15:23:10'),(156,'totutu.com','2012-08-28 15:23:10'),(157,'去黑头','2012-08-28 15:23:10'),(158,'东方软峰','2012-08-28 15:23:10'),(159,'yileee.com','2012-08-28 15:23:10'),(160,'新特药','2012-08-28 15:23:10'),(161,'fgt120.com','2012-08-28 15:23:10'),(162,'99spcar.com','2012-08-28 15:23:10'),(163,'meiti520.com','2012-08-28 15:23:10'),(164,'bbswuhan.com','2012-08-28 15:23:10'),(165,'18611314446','2012-11-08 22:51:12'),(166,'丰韵熟妇','2012-11-08 22:51:12'),(167,'越南妹','2012-11-08 22:51:12'),(168,'maizongzi.com','2012-11-08 22:51:12'),(169,'上门服务','2012-11-08 22:51:12'),(170,'小妹','2012-11-08 22:51:12'),(171,'windyx.com','2012-11-08 22:51:12'),(172,'wlzb518.com','2012-11-08 22:51:12'),(173,'wo-niu.com.cn','2012-11-08 22:51:12'),(174,'ruile.net','2012-11-08 22:51:12'),(175,'bd-seo.net','2012-11-08 22:51:12'),(176,'hbyhdl.com','2012-11-08 22:51:12'),(177,'yilongphoto.com','2012-11-08 22:51:12'),(178,'hege123.com','2012-11-08 22:51:12'),(179,'發票','2012-11-08 22:51:13'),(180,'开票电','2012-11-08 22:51:13'),(181,'开票','2012-11-08 22:51:13'),(182,'发票','2012-11-08 22:51:13'),(183,'代开发票','2012-11-08 22:51:13'),(184,'私募','2012-11-08 22:51:13'),(185,'走私车','2012-11-08 22:51:13'),(186,'资本运作','2012-11-08 22:51:13'),(187,'真人视频','2012-11-08 22:51:13'),(188,'造价通','2012-11-08 22:51:13'),(189,'移民网','2012-11-08 22:51:13'),(190,'药商','2012-11-08 22:51:13'),(191,'亚布力','2012-11-08 22:51:13'),(192,'雅思','2012-11-08 22:51:13'),(193,'新皇宝','2012-11-08 22:51:13'),(194,'校花聊天室','2012-11-08 22:51:13'),(195,'消费投资合法','2012-11-08 22:51:13'),(196,'西安卖肾','2012-11-08 22:51:13'),(197,'同城女','2012-11-08 22:51:13'),(198,'丝袜交友','2012-11-08 22:51:13'),(199,'兼职服务','2012-11-08 22:51:13'),(200,'草榴社区','2012-11-08 22:51:13'),(201,'搬家公司','2012-11-08 22:51:13'),(202,'代開','2012-11-08 22:51:13'),(203,'代开','2012-11-08 22:51:13'),(204,'醱票','2012-11-08 22:51:13'),(205,'開瞟','2012-11-08 22:51:13'),(206,'瞟据','2012-11-08 22:51:13'),(207,'瞟务','2012-11-08 22:51:13'),(208,'酒店住宿','2012-11-08 22:51:13'),(209,'13826544598','2012-11-08 22:51:13'),(210,'2645989872','2012-11-08 22:51:13'),(211,'18312006833','2012-11-08 22:51:13'),(212,'费发','2012-11-08 22:51:13'),(213,'314721888','2012-11-08 22:51:13'),(214,'办理假证件','2012-11-08 22:51:13'),(215,'394057341','2012-11-08 22:51:13'),(216,'费發','2012-11-08 22:51:13'),(217,'13533391062','2012-11-08 22:51:13'),(218,'13544261868','2012-11-08 22:51:13'),(219,'13828442144','2012-11-08 22:51:13'),(220,'13728999976','2012-11-08 22:51:13'),(221,'13662622538','2012-11-08 22:51:13'),(222,'897839088','2012-11-08 22:51:13'),(223,'vpswolf.com','2012-11-08 22:51:13'),(224,'vanshen.com','2012-11-08 22:51:13'),(225,'yapai.cc','2012-11-08 22:51:13'),(226,'daqiaogw.com','2012-11-08 22:51:13'),(227,'hfkszdm.com','2012-11-08 22:51:13'),(228,'jinqiaohc.com','2012-11-08 22:51:13'),(229,'0553rl.com','2012-11-08 22:51:13'),(230,'ln580.cn','2012-11-08 22:51:13'),(231,'qifanweb.com','2012-11-08 22:51:13'),(232,'qifanseo.com','2012-11-08 22:51:13'),(233,'qifanit.com','2012-11-08 22:51:13'),(234,'028zfyy.com','2012-11-08 22:51:13'),(235,'aitecentury.com','2012-11-08 22:51:13'),(236,'aite55.com','2012-11-08 22:51:13'),(237,'shentongkang.com','2012-11-08 22:51:13'),(238,'dss.so','2012-11-08 22:51:13'),(239,'3ja.net','2012-11-08 22:51:13'),(240,'sin55.com','2012-11-08 22:51:13'),(241,'2008ns.com','2012-11-08 22:51:13'),(242,'203529769','2012-11-08 22:51:13'),(243,'binhaijincheng.com','2012-11-08 22:51:13'),(244,'美女服务','2012-11-08 22:51:13'),(245,'18611325651','2012-11-08 22:51:13'),(246,'caihua.cc','2012-11-08 22:51:13'),(247,'51mm.com.cn','2012-11-08 22:51:13'),(248,'tbwtmall.net','2012-11-08 22:51:13'),(249,'lubaolin.com','2012-11-08 22:51:13'),(250,'糖尿病治疗仪','2012-11-08 22:51:13'),(251,'tangniaobingok.com','2012-11-08 22:51:13'),(252,'糖尿病','2012-11-08 22:51:13'),(253,'chtip.org','2012-11-08 22:51:13'),(254,'56156.com','2012-11-08 22:51:13'),(255,'07uuu.com','2012-11-08 22:51:13'),(256,'haoyouren.com','2012-11-08 22:51:13'),(257,'便秘','2012-11-08 22:51:13'),(258,'haoyouren','2012-11-08 22:51:13'),(259,'xxcun.com','2012-11-08 22:51:13'),(260,'iisp.com','2012-11-08 22:51:13'),(261,'gmwhy.com','2012-11-08 22:51:13'),(262,'feelyz.com','2012-11-08 22:51:13'),(263,'369in.com','2012-11-08 22:51:13'),(264,'cdtarena.com','2012-11-08 22:51:13'),(265,'肝硬化','2012-11-08 22:51:13'),(266,'youbian.com','2012-11-08 22:51:13'),(267,'162net.com','2012-11-08 22:51:13'),(268,'comnetcnn.com','2012-11-08 22:51:13'),(269,'2233.cn','2012-11-08 22:51:13'),(270,'鸡巴','2012-11-08 22:51:13'),(271,'119tx.com','2012-11-08 22:51:13'),(272,'0377521.com','2012-11-08 22:51:13'),(273,'028zuanji.com','2013-07-27 14:54:52'),(274,'dzwan.net','2013-07-27 14:54:52'),(275,'dodomo.net','2013-07-27 14:54:52'),(276,'sina.com','2013-07-27 14:54:52'),(277,'fobshanghai.com','2013-07-27 14:54:52'),(278,'芬恩','2013-07-27 14:54:52'),(279,'2659477099','2013-07-27 14:54:52'),(280,'58692026','2013-07-27 14:54:52'),(281,'65111117','2013-07-27 14:54:52'),(282,'英文SEO','2013-07-27 14:54:52'),(283,'仿牌SEO','2013-07-27 14:54:52'),(284,'外贸SEO','2013-07-27 14:54:52'),(285,'1550957342','2013-07-27 14:54:52'),(286,'pingan.com','2013-07-27 14:54:52'),(287,'痔疮','2013-07-27 14:54:52'),(288,'86889299','2013-07-27 14:54:52'),(289,'800002356','2013-07-27 14:54:52'),(290,'cqddgc.cn','2013-07-27 14:54:52'),(291,'股票','2013-07-27 14:54:52'),(292,'nyimei.com','2013-07-27 14:54:52'),(293,'天衣坊','2013-07-27 14:54:52'),(294,'宏天景秀','2013-07-27 14:54:52'),(295,'sugon.com','2013-07-27 14:54:52'),(296,'微博008','2013-07-27 14:54:52'),(297,'qqbct.com','2013-07-27 14:54:52'),(298,'qqsuncity.com','2013-07-27 14:54:52'),(299,'99txzq.com','2013-07-27 14:54:52'),(300,'88txzq.com','2013-07-27 14:54:52'),(301,'sdebh.cn','2013-07-27 14:54:52'),(302,'9501317248463','2013-07-27 14:54:52'),(303,'248463','2013-07-27 14:54:52'),(304,'飞机票','2013-07-27 14:54:52'),(305,'网银','2013-07-27 14:54:52'),(306,'火车票','2013-07-27 14:54:52'),(307,'无卡存款','2013-07-27 14:54:52'),(308,'66667959','2013-07-27 14:54:52'),(309,'订票','2013-07-27 14:54:52'),(310,'火车站','2013-07-27 14:54:52'),(311,'57071215','2013-07-27 14:54:52'),(312,'889584017','2013-07-27 14:54:52'),(313,'获奖查询','2013-07-27 14:54:52'),(314,'穫獎查詢','2013-07-27 14:54:52'),(315,'82425','2013-07-27 14:54:52'),(316,'5782','2013-07-27 14:54:52'),(317,'中獎','2013-07-27 14:54:52'),(318,'熱線','2013-07-27 14:54:52'),(319,'1931033','2013-07-27 14:54:52'),(320,'代售点','2013-07-27 14:54:52'),(321,'w1a2.icoc.cc','2013-07-27 14:54:52'),(322,'1317241334','2013-07-27 14:54:52'),(323,'车票改签','2013-07-27 14:54:52'),(324,'嘿咻','2013-07-27 14:54:52'),(325,'加盟','2013-07-27 14:54:52'),(326,'湿疹','2013-07-27 14:54:52'),(327,'塑胶','2013-07-27 14:54:52'),(328,'1817001212','2013-07-27 14:54:52'),(329,'4000318885','2013-07-27 14:54:52'),(330,'800007699','2013-07-27 14:54:52'),(331,'4008521119','2013-07-27 14:54:52'),(332,'花月婷','2013-07-27 14:54:52'),(333,'xpjin.com','2013-07-27 14:54:52'),(334,'新葡京娱乐城','2013-07-27 14:54:52'),(335,'eshibo68.com','2013-07-27 14:54:52'),(336,'tt5201314.com','2013-07-27 14:54:52'),(337,'TT娱乐城','2013-07-27 14:54:52'),(338,'娱乐城','2013-07-27 14:54:52'),(339,'qinzi5.com','2013-07-27 14:54:52'),(340,'21202','2013-07-27 14:54:52'),(341,'火車票','2013-07-27 14:54:52'),(342,'089','2013-07-27 14:54:52'),(343,'8369','2013-07-27 14:54:52'),(344,'退票','2013-07-27 14:54:52'),(345,'改簽','2013-07-27 14:54:52'),(346,'預訂','2013-07-27 14:54:52'),(347,'ruijintc.com','2013-07-27 14:54:52'),(348,'ruijintc.net','2013-07-27 14:54:52'),(349,'草榴','2013-07-27 14:54:52'),(350,'caoliu','2013-07-27 14:54:52'),(351,'5177game.com','2013-07-27 14:54:52'),(352,'cao','2013-07-27 14:54:52'),(353,'wgb320330.com','2013-07-27 14:54:52'),(354,'公關','2013-07-27 14:54:52'),(355,'公关','2013-07-27 14:54:52'),(356,'夜总会','2013-07-27 14:54:52'),(357,'兼职','2013-07-27 14:54:52'),(358,'同性恋','2013-07-27 14:54:52'),(359,'丝足','2013-07-27 14:54:52'),(360,'同志','2013-07-27 14:54:52'),(361,'女王','2013-07-27 14:54:52'),(362,'鸭子','2013-07-27 14:54:52'),(363,'调教','2013-07-27 14:54:52'),(364,'KTV','2013-07-27 14:54:52'),(365,'夜场','2013-07-27 14:54:52'),(366,'娱乐场','2013-07-27 14:54:52'),(367,'陪护','2013-07-27 14:54:52'),(368,'情感陪护','2013-07-27 14:54:52'),(369,'公主','2013-07-27 14:54:52'),(370,'LES','2013-07-27 14:54:52'),(371,'GAY','2013-07-27 14:54:52'),(372,'兼職','2013-07-27 14:54:52'),(373,'18611102232','2013-07-27 14:54:52'),(374,'男妓','2013-07-27 14:54:52'),(375,'妓男','2013-07-27 14:54:52'),(376,'女妓','2013-07-27 14:54:52'),(377,'cs12388.com','2013-07-27 14:54:52'),(378,'liketuan.com','2013-07-27 14:54:52'),(379,'xiunvfang.com','2013-07-27 14:54:52'),(380,'tmall.com','2013-07-27 14:54:52'),(381,'rekuai.com','2013-07-27 14:54:52'),(382,'gyouz.com','2013-07-27 14:54:52'),(383,'u95.cc','2013-07-27 14:54:52'),(384,'ikphp.com','2013-07-27 14:54:52'),(385,'12ik.com','2013-07-27 14:54:52'),(386,'7lo.cn','2013-07-27 14:54:52'),(387,'hufuin.com','2013-07-27 14:54:52'),(388,'fa66.com','2013-07-27 14:54:52'),(389,'itcpa.cn','2013-07-27 14:54:52'),(390,'72jz.com','2013-07-27 14:54:52'),(391,'网赚','2013-07-27 14:54:52'),(392,'ikphp','2013-07-27 14:54:52'),(393,'12ik','2013-07-27 14:54:52'),(394,'weadge.com','2013-07-27 14:54:52'),(395,'mfkds.com','2013-07-27 14:54:52'),(396,'svs123.com','2013-07-27 14:54:52'),(397,'dlnmd.com','2013-07-27 14:54:52'),(398,'nicenic.com','2013-07-27 14:54:52'),(399,'13311372110','2013-07-27 14:54:52'),(400,'58464602','2013-07-27 14:54:52'),(401,'bf3.cn','2014-04-16 23:19:33'),(402,'你妹啊','2014-04-16 23:19:33'),(403,'33md.co','2014-04-16 23:19:33'),(404,'梅毒','2014-04-16 23:19:33'),(405,'你妈','2014-04-16 23:19:33'),(406,'hywww.net','2014-04-16 23:19:33'),(407,'2015230140','2014-04-16 23:19:33'),(408,'淋病','2014-04-16 23:19:33'),(409,'非淋病','2014-04-16 23:19:33'),(410,'damazha.com','2014-04-16 23:19:33'),(411,'mitang.pw','2014-04-16 23:19:33'),(412,'六合彩','2014-04-16 23:19:33'),(413,'赛马','2014-04-16 23:19:33'),(414,'三陪','2014-04-16 23:19:33'),(415,'51shuaige.com','2014-04-16 23:19:33'),(416,'369tong.com','2014-04-16 23:19:33'),(417,'holde.cn','2014-04-16 23:19:33'),(418,'18xi.com','2014-04-16 23:19:33'),(419,'信息代发','2014-04-16 23:19:33'),(420,'推广软件','2014-04-16 23:19:33'),(421,'营销软件','2014-04-16 23:19:33'),(422,'网络推广','2014-04-16 23:19:33'),(423,'营销人','2014-04-16 23:19:33'),(424,'91renren.com','2014-04-16 23:19:33'),(425,'kukud.net','2014-04-16 23:19:33'),(426,'chuntu.cc','2014-04-16 23:19:33'),(427,'jinhusns.com','2014-04-16 23:19:33'),(428,'鼻炎','2014-04-16 23:19:33'),(429,'医院','2014-04-16 23:19:33'),(430,'153075777','2014-04-16 23:19:33'),(431,'hqbsns.com','2014-04-16 23:19:33'),(432,'jjyulecheng77g.com','2014-04-16 23:19:33'),(433,'senlang.net','2014-04-16 23:19:33'),(434,'xiyingmenyulecheng8a.com','2014-04-16 23:19:33'),(435,'osforce.cn','2014-04-16 23:19:33'),(436,'51neixun.com','2014-04-16 23:19:33'),(437,'你妈逼','2014-04-16 23:19:33'),(438,'杀人','2014-04-16 23:19:33'),(439,'操你妈','2014-04-16 23:19:33'),(440,'草泥马','2014-04-16 23:19:33'),(441,'税票','2014-04-16 23:19:33'),(442,'wanlidq.com','2014-04-16 23:19:33'),(443,'醫院','2014-04-16 23:19:33'),(444,'mrdodo.net','2014-04-16 23:19:33'),(445,'188123581','2014-04-16 23:19:33'),(446,'zhengma.com','2014-04-16 23:19:33'),(447,'4008166005','2015-04-26 17:18:08'),(448,'400','2015-04-26 17:18:08'),(449,'800','2015-04-26 17:18:08'),(450,'化妆','2015-04-26 17:18:08'),(451,'陈派','2015-04-26 17:18:08'),(452,'税务','2015-04-26 17:18:08'),(453,'整形','2015-04-26 17:18:08'),(454,'美容','2015-04-26 17:18:08'),(455,'隆胸','2015-04-26 17:18:08'),(456,'jinyuanbao.cn','2015-04-26 17:18:08'),(457,'xkqmj.org','2015-04-26 17:18:08'),(458,'baishiheyuan.com','2015-04-26 17:18:08'),(459,'057160989861','2015-04-26 17:18:08'),(460,'hiici.com','2015-04-26 17:18:08'),(461,'518202.com','2015-04-26 17:18:08'),(462,'微店','2015-04-26 17:18:08'),(463,'60989861','2015-04-26 17:18:08'),(464,'1433607382','2015-04-26 17:18:08'),(465,'18921182443','2015-04-26 17:18:08'),(466,'82835166','2015-04-26 17:18:08'),(467,'官方推荐','2015-04-26 17:18:08'),(468,'百度认证','2015-04-26 17:18:08'),(469,'sh419x.net','2015-04-26 17:18:08'),(470,'hhy021.com','2015-04-26 17:18:08'),(471,'ehuanka.com','2015-04-26 17:18:08'),(472,'柘荣太子参','2015-04-26 17:18:08'),(473,'buluocc.com','2015-04-26 17:18:08'),(474,'buluocc','2015-04-26 17:18:08'),(475,'szprovence.com','2015-04-26 17:18:08'),(476,'上海龙凤','2015-04-26 17:18:08'),(477,'shlf9.net','2015-04-26 17:18:08'),(478,'shlf9.com','2015-04-26 17:18:08'),(479,'shlf99.net','2015-04-26 17:18:08'),(480,'shlf99.com','2015-04-26 17:18:08'),(481,'shlf999.net','2015-04-26 17:18:08'),(482,'shlf999.com','2015-04-26 17:18:08'),(483,'aishiso.com','2015-04-26 17:18:08'),(484,'qhf021.com','2015-04-26 17:18:08'),(485,'cfg021.com','2015-04-26 17:18:08'),(486,'uoko.com','2015-04-26 17:18:08'),(487,'guizubbx.com','2015-04-26 17:18:08'),(488,'esosn.com','2015-04-26 17:18:08'),(489,'win7zhijia.cn','2015-04-26 17:18:08'),(490,'xtcheng.net','2015-04-26 17:18:08'),(491,'867590759','2015-04-26 17:18:08'),(492,'888xitong.com','2015-04-26 17:18:08'),(493,'1378206455','2015-04-26 17:18:08'),(494,'宜人贷','2015-04-26 17:18:08'),(495,'win7qjb.com','2015-04-26 17:18:08'),(496,'xitongcheng','2015-04-26 17:18:08'),(497,'onerare.com','2015-04-26 17:18:08'),(498,'xitong1.com','2015-04-26 17:18:08'),(499,'ghostxpsp3.net','2015-04-26 17:18:08'),(500,'windows114.com','2015-04-26 17:18:08'),(501,'djie.net','2015-04-26 17:18:08'),(502,'999ghost.com','2015-04-26 17:18:08'),(503,'xitongcity.com','2015-04-26 17:18:08'),(504,'51rgb.com','2015-04-26 17:18:08'),(505,'mingtaov.com','2015-04-26 17:18:08'),(506,'228224.com','2015-04-26 17:18:08'),(507,'hb7526.com','2015-04-26 17:18:08'),(508,'jx8091.com','2015-04-26 17:18:08'),(509,'drf8953.com','2015-04-26 17:18:08'),(510,'xpjgj9186.com','2015-04-26 17:18:08'),(511,'hjjb9981.com','2015-04-26 17:18:08'),(512,'dwj5266.com','2015-04-26 17:18:08'),(513,'xq81365.com','2015-04-26 17:18:08'),(514,'nc2787.com','2015-04-26 17:18:08'),(515,'wfgj7656.com','2015-04-26 17:18:08'),(516,'seowhy.com','2015-04-26 17:18:08'),(517,'ceo2351.com','2015-04-26 17:18:08'),(518,'fc5517.com','2015-04-26 17:18:08'),(519,'bg6261.com','2015-04-26 17:18:08'),(520,'fbgj8620.com','2015-04-26 17:18:08'),(521,'ylgj2523.com','2015-04-26 17:18:08'),(522,'zibenzaixian.com','2015-04-26 17:18:08'),(523,'chetips.com','2015-04-26 17:18:08'),(524,'51zhaoji.com','2015-04-26 17:18:08'),(525,'白癜风','2015-04-26 17:18:08'),(526,'kanshijian.com','2015-04-26 17:18:08'),(527,'wudan100.com','2015-04-26 17:18:08'),(528,'治疗','2015-04-26 17:18:08'),(529,'痘','2015-04-26 17:18:08'),(530,'南通','2015-04-26 17:18:08'),(531,'深圳','2015-04-26 17:18:08'),(532,'kongweizhi.com','2015-04-26 17:18:08'),(533,'foxiang86.net','2015-04-26 17:18:08'),(534,'taobaobaobao.com','2015-04-26 17:18:08');

/*Table structure for table `sr_article` */

DROP TABLE IF EXISTS `sr_article`;

CREATE TABLE `sr_article` (
  `articleid` int(11) NOT NULL AUTO_INCREMENT COMMENT '文章ID',
  `userid` int(11) NOT NULL DEFAULT '0' COMMENT '用户ID',
  `cateid` int(11) NOT NULL DEFAULT '0' COMMENT '分类ID',
  `title` char(64) NOT NULL DEFAULT '' COMMENT '标题',
  `content` longtext NOT NULL COMMENT '内容',
  `keyword` varchar(128) NOT NULL DEFAULT '' COMMENT '标签',
  `description` varchar(128) NOT NULL DEFAULT '' COMMENT '内容概要',
  `path` char(32) NOT NULL DEFAULT '' COMMENT '路径',
  `photo` char(32) NOT NULL DEFAULT '' COMMENT '图片路径',
  `isaudit` tinyint(1) NOT NULL DEFAULT '0' COMMENT '是否审核',
  `isrecommend` tinyint(1) NOT NULL DEFAULT '0' COMMENT '是否推荐',
  `count_comment` int(11) NOT NULL DEFAULT '0' COMMENT '统计评论数',
  `count_view` int(11) NOT NULL DEFAULT '0' COMMENT '统计查看',
  `addtime` datetime NOT NULL DEFAULT '0000-00-00 00:00:00' COMMENT '时间',
  `count_love` int(11) NOT NULL DEFAULT '0' COMMENT '喜欢',
  `randid` varchar(20) DEFAULT NULL COMMENT '随机文件名称',
  `updtime` datetime NOT NULL DEFAULT '0000-00-00 00:00:00',
  `author` varchar(20) NOT NULL COMMENT '作者，前台显示',
  `childid` int(11) NOT NULL DEFAULT '0' COMMENT '子类',
  `gexingid` int(11) NOT NULL DEFAULT '0' COMMENT '个性ID',
  PRIMARY KEY (`articleid`),
  UNIQUE KEY `title_2` (`title`),
  KEY `addtime` (`addtime`),
  KEY `cateid` (`cateid`),
  KEY `isrecommend` (`isrecommend`),
  KEY `count_recommend` (`addtime`),
  KEY `title` (`title`),
  KEY `count_view` (`count_view`),
  KEY `count_view_2` (`count_view`,`addtime`),
  KEY `tags` (`keyword`,`isaudit`)
) ENGINE=MyISAM AUTO_INCREMENT=123242344 DEFAULT CHARSET=utf8 CHECKSUM=1 DELAY_KEY_WRITE=1 ROW_FORMAT=DYNAMIC COMMENT='文章表';

/*Data for the table `sr_article` */

insert  into `sr_article`(`articleid`,`userid`,`cateid`,`title`,`content`,`keyword`,`description`,`path`,`photo`,`isaudit`,`isrecommend`,`count_comment`,`count_view`,`addtime`,`count_love`,`randid`,`updtime`,`author`,`childid`,`gexingid`) values (100002,8,1,'最爱你的人永不会将你遗弃','牵着我的手，闭着眼睛走你也不会迷路牵着我的手，闭着眼睛走你也不会迷路牵着我的手，闭着眼睛走你也不会迷路牵着我的手，闭着眼睛走你也不会迷路\r\n牵着我的手，闭着眼睛走你也不会迷路\n牵着我的手，闭着眼睛走你也不会迷路\n牵着我的手，闭着眼睛走你也不会迷路\n牵着我的手，闭着眼睛走你也不会迷路\n牵着我的手，闭着眼睛走你也不会迷路\n牵着我的手，闭着眼睛走你也不会迷路\n牵着我的手，闭着眼睛走你也不会迷路\n\n牵着我的手，闭着眼睛走你也不会迷路牵着我的手，闭着眼睛走你也不会迷路','牵手','牵着我的手，闭着眼睛走你也不会迷路','0/0','20161109/0/4.jpg',1,1,22,136,'2016-10-01 21:25:29',67,'2312312','0000-00-00 00:00:00','',0,0),(100003,8,1,'牵着我的手，闭着眼睛走你也不会迷路d','牵着我的手，闭着眼睛走你也不会迷路牵着我的手，闭着眼睛走你也不会迷路牵着我的手，闭着眼睛走你也不会迷路牵着我的手，闭着眼睛走你也不会迷路\r\n牵着我的手，闭着眼睛走你也不会迷路\n牵着我的手，闭着眼睛走你也不会迷路\n牵着我的手，闭着眼睛走你也不会迷路\n牵着我的手，闭着眼睛走你也不会迷路\n牵着我的手，闭着眼睛走你也不会迷路\n牵着我的手，闭着眼睛走你也不会迷路\n牵着我的手，闭着眼睛走你也不会迷路\n\n牵着我的手，闭着眼睛走你也不会迷路牵着我的手，闭着眼睛走你也不会迷路','牵手','最爱你的人永不会将你遗弃','0/0','20161109/0/1.jpg',1,1,22,126,'2016-10-01 21:25:29',5,'12312423','0000-00-00 00:00:00','',0,0),(100004,8,1,'牵着我的手，闭着眼睛走你也不会迷路b','牵着我的手，闭着眼睛走你也不会迷路牵着我的手，闭着眼睛走你也不会迷路牵着我的手，闭着眼睛走你也不会迷路牵着我的手，闭着眼睛走你也不会迷路\r\n牵着我的手，闭着眼睛走你也不会迷路\n牵着我的手，闭着眼睛走你也不会迷路\n牵着我的手，闭着眼睛走你也不会迷路\n牵着我的手，闭着眼睛走你也不会迷路\n牵着我的手，闭着眼睛走你也不会迷路\n牵着我的手，闭着眼睛走你也不会迷路\n牵着我的手，闭着眼睛走你也不会迷路\n\n牵着我的手，闭着眼睛走你也不会迷路牵着我的手，闭着眼睛走你也不会迷路','牵手','牵着我的手，闭着眼睛走你也不会迷路','0/0','20161109/0/2.jpg',1,1,22,127,'2016-10-01 21:25:29',68,'23122313','0000-00-00 00:00:00','',0,0),(100005,8,1,'最爱你的人永不会将你遗弃2','牵着我的手，闭着眼睛走你也不会迷路牵着我的手，闭着眼睛走你也不会迷路牵着我的手，闭着眼睛走你也不会迷路牵着我的手，闭着眼睛走你也不会迷路\r\n牵着我的手，闭着眼睛走你也不会迷路\n牵着我的手，闭着眼睛走你也不会迷路\n牵着我的手，闭着眼睛走你也不会迷路\n牵着我的手，闭着眼睛走你也不会迷路\n牵着我的手，闭着眼睛走你也不会迷路\n牵着我的手，闭着眼睛走你也不会迷路\n牵着我的手，闭着眼睛走你也不会迷路\n\n牵着我的手，闭着眼睛走你也不会迷路牵着我的手，闭着眼睛走你也不会迷路','牵手','最爱你的人永不会将你遗弃','0/0','20161109/0/3.png',1,1,22,125,'2016-10-01 21:25:29',5,'123123123','0000-00-00 00:00:00','',0,0),(100006,8,1,'牵着我的手，闭着眼睛走你也不会迷路e','牵着我的手，闭着眼睛走你也不会迷路牵着我的手，闭着眼睛走你也不会迷路牵着我的手，闭着眼睛走你也不会迷路牵着我的手，闭着眼睛走你也不会迷路牵着我的手，闭着眼睛走你也不会迷路牵着我的手，闭着眼睛走你也不会迷路牵着我的手，闭着眼睛走你也不会迷路牵着我的手，闭着眼睛走你也不会迷路牵着我的手，闭着眼睛走你也不会迷路牵着我的手，闭着眼睛走你也不会迷路牵着我的手，闭着眼睛走你也不会迷路牵着我的手，闭着眼睛走你也不会迷路牵着我的手，闭着眼睛走你也不会迷路','牵手','牵着我的手，闭着眼睛走你也不会迷路','0/0','20161109/0/4.jpg',1,1,2222,12522,'2016-10-01 21:25:29',6422,'123123123','0000-00-00 00:00:00','',0,0),(100007,8,1,'牵着我的手，闭着眼睛走你也不会迷路f','牵着我的手，闭着眼睛走你也不会迷路牵着我的手，闭着眼睛走你也不会迷路牵着我的手，闭着眼睛走你也不会迷路牵着我的手，闭着眼睛走你也不会迷路\r\n牵着我的手，闭着眼睛走你也不会迷路\n牵着我的手，闭着眼睛走你也不会迷路\n牵着我的手，闭着眼睛走你也不会迷路\n牵着我的手，闭着眼睛走你也不会迷路\n牵着我的手，闭着眼睛走你也不会迷路\n牵着我的手，闭着眼睛走你也不会迷路\n牵着我的手，闭着眼睛走你也不会迷路\n\n牵着我的手，闭着眼睛走你也不会迷路牵着我的手，闭着眼睛走你也不会迷路\r\n<p style=\"text-align: center\">子昂〖骑士&hearts;原创〗逗逗</p>\r\n<p style=\"text-align: center\">Z.H.J〖骑士&hearts;原创〗5.2.0</p>\r\n<p style=\"text-align: center\">左耳情话〖骑士&hearts;原创〗右耳沙哑</p>\r\n<p style=\"text-align: center\">叶坚强^_^〖骑士&hearts;原创〗沈淡定o_o</p>\r\n<p style=\"text-align: center\">旧时旅途牵梦人.〖骑士&hearts;原创〗儿时深巷撩人魂.</p>\r\n<p style=\"text-align: center\">外面风大我带你回家〖骑士&hearts;原创〗外面风大我跟你回家</p>\r\n<p style=\"text-align: center\">左心房〖骑士&hearts;原创〗敞大大</p>\r\n<p style=\"text-align: center\">Island（孤岛）〖骑士&hearts;原创〗Empty（空城）</p>\r\n<p style=\"text-align: center\">我怎么变这样！〖骑士&hearts;原创〗变得这样任性！</p>\r\n<p style=\"text-align: center\">他。〖骑士&hearts;原创〗她。</p>\r\n<p style=\"text-align: center\">回回头〖骑士&hearts;原创〗挥挥手</p>\r\n<p style=\"text-align: center\">原谅我无人稀罕*〖骑士&hearts;原创〗原谅我只稀罕你*</p>\r\n<p style=\"text-align: center\">李晶〖骑士&hearts;原创〗王传捷</p>\r\n<p style=\"text-align: center\">我有故事你有酒吗〖骑士&hearts;原创〗我有酒你跟我走吗</p>\r\n<p style=\"text-align: center\">无人能替你雪妹.&#1711;&#1602;&#8300;&#8300;〖骑士&hearts;原创〗万人不及你皓哥.&#1711;&#1602;&#8300;&#8300;</p>\r\n<p style=\"text-align: center\">大雄〖骑士&hearts;原创〗静香</p>\r\n<p style=\"text-align: center\">&radic;大头儿子〖骑士&hearts;原创〗&radic;小头爸爸</p>\r\n<p style=\"text-align: center\">后来多美〖骑士&hearts;原创〗别说后来</p>\r\n<p style=\"text-align: center\">你蹦楞儿是么〖骑士&hearts;原创〗你大得嘞是么</p>\r\n<p style=\"text-align: center\">吼！奥特曼〖骑士&hearts;原创〗哈！小怪兽</p>\r\n<p style=\"text-align: center\">【﹏一缕阳光｜花未央　〗〖骑士&hearts;原创〗【﹏一丝微风｜人未走　〗</p>\r\n<p style=\"text-align: center\">把手给我〖骑士&hearts;原创〗我带你走</p>\r\n<p style=\"text-align: center\">&#48320;&#48177;&#54788;&#10004;〖骑士&hearts;原创〗&#48149;&#52268;&#50676;&#10004;</p>\r\n<p style=\"text-align: center\">我在时光尽头.〖骑士&hearts;原创〗守我一起终老.</p>\r\n<p style=\"text-align: center\">闫嵩我喜欢你，〖骑士&hearts;原创〗让他看见好吗.</p>\r\n<p style=\"text-align: center\">半我多久〖骑士&hearts;原创〗久留不走</p>\r\n<p style=\"text-align: center\">土豆你个马铃薯〖骑士&hearts;原创〗番茄你个西红柿</p>\r\n<p style=\"text-align: center\">I&rsquo;mfat！〖骑士&hearts;原创〗You&rsquo;refat！</p>\r\n<p style=\"text-align: center\">肩膀我给你〖骑士&hearts;原创〗苦笑我陪你</p>\r\n<p style=\"text-align: center\">难舍、〖骑士&hearts;原创〗难分、</p>\r\n<p style=\"text-align: center\">男朋友〖骑士&hearts;原创〗女朋友</p>\r\n<p style=\"text-align: center\">嗜酒成性〖骑士&hearts;原创〗嗜你如命</p>\r\n<p style=\"text-align: center\">sunshn&#9728;〖骑士&hearts;原创〗noonlght</p>\r\n<p style=\"text-align: center\">&ldquo;不流泪的鱼&rdquo;〖骑士&hearts;原创〗&ldquo;不流泪的妳&rdquo;</p>\r\n<p style=\"text-align: center\">我条女咦〖骑士&hearts;原创〗你条仔咦</p>\r\n<p style=\"text-align: center\">二五一九，〖骑士&hearts;原创〗ys.</p>\r\n<p style=\"text-align: center\">赵傻比爱我嘛〖骑士&hearts;原创〗邝大傻不爱你爱谁</p>\r\n<p style=\"text-align: center\">他跟我说〖骑士&hearts;原创〗我的一句话能影响他的<u>心情</u></p>\r\n<p style=\"text-align: center\">我有他@〖骑士&hearts;原创〗我有她@</p>\r\n<p style=\"text-align: center\">&#44608;&#48124;&#49437;&#10004;〖骑士&hearts;原创〗&#44608;&#51456;&#47732;&#10004;</p>\r\n<p style=\"text-align: center\">大宝&#9996;〖骑士&hearts;原创〗小宝&#9996;</p>\r\n<p style=\"text-align: center\">空旧人。〖骑士&hearts;原创〗空久人。</p>\r\n<p style=\"text-align: center\">别多心〖骑士&hearts;原创〗别瞎想</p>\r\n<p style=\"text-align: center\">有些污垢是擦不掉的，〖骑士&hearts;原创〗因为歇太久就黏住了。</p>\r\n<p style=\"text-align: center\">-.久伴〖骑士&hearts;原创〗-.酒伴</p>\r\n<p style=\"text-align: center\">曾经、那段情〖骑士&hearts;原创〗曾经、那段伤</p>\r\n<p style=\"text-align: center\">情话说给左耳听〖骑士&hearts;原创〗行动做给右腿看</p>\r\n<p style=\"text-align: center\">wwz〖骑士&hearts;原创〗llu</p>\r\n<p style=\"text-align: center\">你看从前〖骑士&hearts;原创〗你在眼前</p>\r\n<p style=\"text-align: center\">丫头@〖骑士&hearts;原创〗小子@</p>\r\n<p style=\"text-align: center\">微微一笑百媚生&deg;〖骑士&hearts;原创〗卖萌卖傻很天真&deg;</p>\r\n<p style=\"text-align: center\">故事与酒.〖骑士&hearts;原创〗长发与眸.</p>\r\n<p style=\"text-align: center\">勿忘初心〖骑士&hearts;原创〗不忘初情</p>\r\n<p style=\"text-align: center\">女人心海底针〖骑士&hearts;原创〗男人性天上云</p>\r\n<p style=\"text-align: center\">爷们别放开我的双手！〖骑士&hearts;原创〗老婆别缺席我的以后！</p>\r\n<p style=\"text-align: center\">有你=有了世界〖骑士&hearts;原创〗没你=入了地域</p>\r\n<p style=\"text-align: center\">搁浅的鱼〖骑士&hearts;原创〗空巷的猫</p>\r\n<p style=\"text-align: center\">笑衬心酸&iota;〖骑士&hearts;原创〗笑衬新欢&iota;</p>\r\n<p style=\"text-align: center\">初三二班二组五排〖骑士&hearts;原创〗初三二班五组二排</p>\r\n<p style=\"text-align: center\">待你长发及腰嫁人可好〖骑士&hearts;原创〗待我挣得世界娶你可好</p>\r\n<p style=\"text-align: center\">&#51109;&#50696;&#55141;&#10004;〖骑士&hearts;原创〗&#44608;&#51333;&#45824;&#10004;</p>\r\n<p style=\"text-align: center\">本樱是神〖骑士&hearts;原创〗别闹是人</p>\r\n<p style=\"text-align: center\">别闹，我的裤子要掉。〖骑士&hearts;原创〗胡说，你穿的是裙子。</p>\r\n<p style=\"text-align: center\">陈誉夫我喜欢你〖骑士&hearts;原创〗他不会看见吧</p>\r\n<p style=\"text-align: center\">张粑粑〖骑士&hearts;原创〗张麻麻</p>\r\n<p style=\"text-align: center\">我老汉〖骑士&hearts;原创〗我婆姨</p>\r\n<p style=\"text-align: center\">爱到海枯石烂不算可笑〖骑士&hearts;原创〗爱到满头白发不算可笑</p>\r\n<p style=\"text-align: center\">深情不及久伴〖骑士&hearts;原创〗久伴不如深情</p>\r\n<p style=\"text-align: center\">听说你心里有人了〖骑士&hearts;原创〗不然你是鬼啊</p>\r\n<p style=\"text-align: center\">炫迈妹儿〖骑士&hearts;原创〗王晨正</p>\r\n<p style=\"text-align: center\">15年我们开始了。〖骑士&hearts;原创〗22年我们结婚吧。</p>\r\n<p style=\"text-align: center\">盛开的孤独〖骑士&hearts;原创〗蔓延在梦境</p>\r\n<p style=\"text-align: center\">炫迈妹〖骑士&hearts;原创〗王晨正</p>\r\n<p style=\"text-align: center\">断桥、〖骑士&hearts;原创〗残雪、</p>\r\n<p style=\"text-align: center\">&#9788;既然恋爱〖骑士&hearts;原创〗甭谈分手&#9789;</p>\r\n<p style=\"text-align: center\">`简箹.o○〖骑士&hearts;原创〗`简嗳.o○</p>\r\n<p style=\"text-align: center\">爱曾不从保留。〖骑士&hearts;原创〗岁月被眼泪蒸发</p>\r\n<p style=\"text-align: center\">离骚.〖骑士&hearts;原创〗离宁.</p>\r\n<p style=\"text-align: center\">别来无恙〖骑士&hearts;原创〗你在心上.</p>\r\n<p style=\"text-align: center\">不离〖骑士&hearts;原创〗不弃</p>\r\n<p style=\"text-align: center\">王逗逗〖骑士&hearts;原创〗周梓昂</p>\r\n<p style=\"text-align: center\">萌叔叔&#10084;〖骑士&hearts;原创〗怪阿姨&#10084;</p>\r\n<p style=\"text-align: center\">慢走〖骑士&hearts;原创〗不送</p>\r\n<p style=\"text-align: center\">心安《peace〖骑士&hearts;原创〗安心《Peaceofmn</p>\r\n<p style=\"text-align: center\"><img border=\"0\" alt=\"\" src=\"http://www.qq74.net/tupian/allimg/150426/1105491N3-0.jpg\" /></p>\r\n<p style=\"text-align: center\">故事与酒.〖骑士&hearts;原创〗长发与眸.</p>\r\n<p style=\"text-align: center\">哦何以琛〖骑士&hearts;原创〗恩赵默笙</p>\r\n<p style=\"text-align: center\">愿违]〖骑士&hearts;原创〗从未]</p>\r\n<p style=\"text-align: center\">只愿君心似我心〖骑士&hearts;原创〗定不负相思意</p>\r\n<p style=\"text-align: center\">他爱笑〖骑士&hearts;原创〗她爱闹</p>\r\n<p style=\"text-align: center\">酒友〖骑士&hearts;原创〗旧友</p>\r\n<p style=\"text-align: center\">回来吧〖骑士&hearts;原创〗从未走过</p>\r\n<p style=\"text-align: center\">我的心事〖骑士&hearts;原创〗你的秘密</p>\r\n<p style=\"text-align: center\">忘了&#1711;&#1602;〖骑士&hearts;原创〗望了&#1711;&#1602;</p>\r\n<p style=\"text-align: center\">＂简简单单〖骑士&hearts;原创〗＂平平淡淡</p>\r\n<p style=\"text-align: center\">L.G.Y〖骑士&hearts;原创〗5.4.9</p>\r\n<p style=\"text-align: center\">傻逼〖骑士&hearts;原创〗煞笔</p>\r\n<p style=\"text-align: center\">吕海源我喜欢你〖骑士&hearts;原创〗让他看见好不好</p>\r\n<p style=\"text-align: center\">&ldquo;为什么高冷&rdquo;〖骑士&hearts;原创〗&ldquo;暖时被伤过&rdquo;</p>\r\n<p style=\"text-align: center\">执念！〖骑士&hearts;原创〗欲念！</p>\r\n<p style=\"text-align: center\">孤独三年.〖骑士&hearts;原创〗落单校园.</p>\r\n<p style=\"text-align: center\">我为什么不能爱你〖骑士&hearts;原创〗我爱你就行了</p>\r\n<p style=\"text-align: center\">时光若好，总是无言〖骑士&hearts;原创〗你若安好，便是晴天</p>\r\n<p style=\"text-align: center\">请叫我女王大人〖骑士&hearts;原创〗请叫我国王陛下</p>\r\n<p style=\"text-align: center\">浅笑若梦，梦别离〖骑士&hearts;原创〗泪珠如花，花离去</p>\r\n<p style=\"text-align: center\">事隔经年〖骑士&hearts;原创〗海以泪默</p>\r\n<p style=\"text-align: center\">甜言蜜语〖骑士&hearts;原创〗说给左耳听</p>\r\n<p style=\"text-align: center\">&deg;弧〖骑士&hearts;原创〗&deg;孤</p>\r\n<p style=\"text-align: center\">你主动我们就会有故事〖骑士&hearts;原创〗我主动我们就会有孩子</p>\r\n<p style=\"text-align: center\">大大怪他很乖〖骑士&hearts;原创〗小小怪很有爱</p>\r\n<p style=\"text-align: center\">睡你麻痹起来嗨！〖骑士&hearts;原创〗嗨你麻痹我要睡！</p>\r\n<p style=\"text-align: center\">旧念。〖骑士&hearts;原创〗念旧。</p>\r\n<p style=\"text-align: center\">心安〖骑士&hearts;原创〗梦魇</p>\r\n<p style=\"text-align: center\">大大月的小小璇哎〖骑士&hearts;原创〗小小璇的大大月呀！</p>\r\n<p style=\"text-align: center\">，〖骑士&hearts;原创〗。</p>\r\n<p style=\"text-align: center\">快看我捡到一个男神〖骑士&hearts;原创〗媳妇快把劳资放下来</p>\r\n<p style=\"text-align: center\">相顾无言.〖骑士&hearts;原创〗尴尬笑场.</p>\r\n<p style=\"text-align: center\">&#50724;&#50669;&#48276;&#10004;〖骑士&hearts;原创〗&#54889;&#51088;&#46020;&#10004;</p>\r\n<p style=\"text-align: center\">吉他〖骑士&hearts;原创〗及她</p>\r\n<p style=\"text-align: center\">别离开〖骑士&hearts;原创〗一直在</p>\r\n<p style=\"text-align: center\">歌未歇.〖骑士&hearts;原创〗人未远.</p>\r\n<p style=\"text-align: center\">赵爱人〖骑士&hearts;原创〗邝爱人</p>\r\n<p style=\"text-align: center\">初遇&#9728;〖骑士&hearts;原创〗久违&#9728;</p>\r\n<p style=\"text-align: center\">有生之年〖骑士&hearts;原创〗余生不变</p>\r\n<p style=\"text-align: center\">BADBOY&#9787;〖骑士&hearts;原创〗GOODGIRL&#9786;</p>\r\n<p style=\"text-align: center\">&#9818;本王有爱妻〖骑士&hearts;原创〗本妃有爱夫&#9819;</p>\r\n<p style=\"text-align: center\">左心房〖骑士&hearts;原创〗敞大大</p>\r\n<p style=\"text-align: center\">伪人&#9788;〖骑士&hearts;原创〗佯狗&#9728;</p>\r\n<p style=\"text-align: center\">别来无恙！〖骑士&hearts;原创〗你在心上！</p>\r\n<p style=\"text-align: center\">┎「☆落兮〖骑士&hearts;原创〗|▍Angle、兮&deg;</p>\r\n<p style=\"text-align: center\">︶ㄣ守護de愛︶〖骑士&hearts;原创〗︶ㄣ守護de情</p>\r\n<p style=\"text-align: center\">他姓董我心动〖骑士&hearts;原创〗她姓张我心脏</p>\r\n<p style=\"text-align: center\">萌萌哒的王子〖骑士&hearts;原创〗羞羞嗒的公主</p>\r\n<p style=\"text-align: center\">抱抱〖骑士&hearts;原创〗不要</p>\r\n<p style=\"text-align: center\">初二一班.〖骑士&hearts;原创〗初二五班.</p>\r\n<p style=\"text-align: center\">我喜欢杨博宇〖骑士&hearts;原创〗让他看见好吗</p>\r\n<p style=\"text-align: center\">勿忘心焉〖骑士&hearts;原创〗勿失花败</p>\r\n<p style=\"text-align: center\">深信&#10004;〖骑士&hearts;原创〗不失信&#10004;</p>\r\n<p style=\"text-align: center\">杨颖&#9728;〖骑士&hearts;原创〗黄晓明&#9728;</p>\r\n<p style=\"text-align: center\">那时的我头发没有多长〖骑士&hearts;原创〗那时的眼神是青涩明亮</p>\r\n<p style=\"text-align: center\">未曾谋面的思念〖骑士&hearts;原创〗未曾谋面的爱情</p>\r\n<p style=\"text-align: center\">晶哥〖骑士&hearts;原创〗传捷</p>\r\n<p style=\"text-align: center\">你以为我不会分手〖骑士&hearts;原创〗我以为你不会出轨</p>\r\n<p style=\"text-align: center\">孤独先生〖骑士&hearts;原创〗寂寞女士</p>\r\n<p style=\"text-align: center\">左耳〖骑士&hearts;原创〗右脚</p>\r\n<p style=\"text-align: center\">拥抱吗〖骑士&hearts;原创〗趁现在</p>\r\n<p style=\"text-align: center\">我没闹.〖骑士&hearts;原创〗你别笑.</p>\r\n<p style=\"text-align: center\">入戏太深。〖骑士&hearts;原创〗只剩一人。</p>\r\n<p style=\"text-align: center\">嘿。站住〖骑士&hearts;原创〗呵。干嘛</p>\r\n<p style=\"text-align: center\">季凉川〖骑士&hearts;原创〗沈檬</p>\r\n<p style=\"text-align: center\">Z.H.J〖骑士&hearts;原创〗5.2.0</p>\r\n<p style=\"text-align: center\">粉红色长发迷人的嘴唇〖骑士&hearts;原创〗浅蓝色眼影迷离的眼神</p>\r\n<p style=\"text-align: center\">席绝城〖骑士&hearts;原创〗顾念昔</p>\r\n<p style=\"text-align: center\">不敢深情〖骑士&hearts;原创〗害怕受伤</p>\r\n<p style=\"text-align: center\">铅笔@〖骑士&hearts;原创〗橡皮@</p>\r\n<p style=\"text-align: center\">闹够了、〖骑士&hearts;原创〗哭够了、</p>\r\n<p style=\"text-align: center\">女朋友〖骑士&hearts;原创〗男朋友</p>\r\n<p style=\"text-align: center\">原地傻傻的等〖骑士&hearts;原创〗换不回那温纯</p>\r\n<p style=\"text-align: center\">拥之则安&#1602;〖骑士&hearts;原创〗伴之则暖&#1602;</p>\r\n<p style=\"text-align: center\">男朋友〖骑士&hearts;原创〗女朋友</p>\r\n<p style=\"text-align: center\">我爱你〖骑士&hearts;原创〗我还爱你</p>\r\n<p style=\"text-align: center\">张艺兴我一直都在〖骑士&hearts;原创〗张艺兴我从未离开</p>\r\n<p style=\"text-align: center\">昔日恋人.〖骑士&hearts;原创〗如今陌路</p>\r\n<p style=\"text-align: center\">别忘我爱你*〖骑士&hearts;原创〗*要记我爱你</p>\r\n<p style=\"text-align: center\">&#47336;&#54620;&#10004;〖骑士&hearts;原创〗&#50724;&#49464;&#54984;&#10004;</p>\r\n<p style=\"text-align: center\">青衫如故〖骑士&hearts;原创〗眉眼如初</p>\r\n<p style=\"text-align: center\">许你一世疼我。〖骑士&hearts;原创〗许你一世爱我。</p>\r\n<p style=\"text-align: center\">她是我的〖骑士&hearts;原创〗我是他的</p>\r\n<p style=\"text-align: center\">:-]下站－最后的幸福:-*:〖骑士&hearts;原创〗:-]下站－最后的浪漫:-*</p>\r\n<p style=\"text-align: center\">你怎么那么闹〖骑士&hearts;原创〗都是你宠的啊</p>\r\n<p style=\"text-align: center\">我喜欢的他@〖骑士&hearts;原创〗他喜欢的她@</p>\r\n<p style=\"text-align: center\">L,G,M〖骑士&hearts;原创〗5,4,6</p>\r\n<p style=\"text-align: center\">Chanyeol〖骑士&hearts;原创〗Baekhyun</p>\r\n<p style=\"text-align: center\">懵智〖骑士&hearts;原创〗狗哥</p>\r\n<p style=\"text-align: center\">李嘉祺我喜欢你〖骑士&hearts;原创〗别让他看见好吗</p>\r\n<p style=\"text-align: center\">橘子的店〖骑士&hearts;原创〗苹果的店</p>\r\n<p style=\"text-align: center\">她哭了！〖骑士&hearts;原创〗我慌了！</p>\r\n<p style=\"text-align: center\">什么都没有〖骑士&hearts;原创〗只剩下你了</p>\r\n<p style=\"text-align: center\">你的笑总是装作很天真〖骑士&hearts;原创〗说我们永远都不会分离</p>\r\n<p style=\"text-align: center\">眼泪你忘了吗〖骑士&hearts;原创〗爱我你怕了吗</p>\r\n<p style=\"text-align: center\">&#44608;&#51333;&#51064;&#10004;〖骑士&hearts;原创〗&#46020;&#44221;&#49688;&#10004;</p>\r\n<p style=\"text-align: center\">陌上人，〖骑士&hearts;原创〗离心人，</p>\r\n<p style=\"text-align: center\">舍不得忘记〖骑士&hearts;原创〗不甘心放弃</p>\r\n<p style=\"text-align: center\">她是我的〖骑士&hearts;原创〗我是他的</p>\r\n<p style=\"text-align: center\">ギミ我说/爱你ルッ〖骑士&hearts;原创〗ギミ你说/爱我ルッ</p>\r\n<p style=\"text-align: center\">热酒烫喉〖骑士&hearts;原创〗冷水凉心</p>\r\n<p style=\"text-align: center\">逗比，在吗〖骑士&hearts;原创〗傻逼，在呢</p>\r\n<p style=\"text-align: center\">对不起〖骑士&hearts;原创〗没关系</p>\r\n<p style=\"text-align: center\">反正只是演戏〖骑士&hearts;原创〗反正只是练习</p>\r\n<p style=\"text-align: center\">他不爱我@〖骑士&hearts;原创〗我不爱他@</p>\r\n<p style=\"text-align: center\">媳妇快看天上好多月亮〖骑士&hearts;原创〗笨蛋那是星星</p>\r\n<p style=\"text-align: center\">一瞬间，怦然心动〖骑士&hearts;原创〗一辈子，伴你左右</p>\r\n<p style=\"text-align: center\">幽微灵秀地〖骑士&hearts;原创〗无可奈何天</p>\r\n<p style=\"text-align: center\">从阿格〖骑士&hearts;原创〗张阿龙</p>\r\n<p style=\"text-align: center\">许戈〖骑士&hearts;原创〗李珥</p>\r\n<p style=\"text-align: center\">我男朋友〖骑士&hearts;原创〗我女朋友</p>\r\n<p style=\"text-align: center\">我有病〖骑士&hearts;原创〗我有药</p>\r\n<p style=\"text-align: center\">爱能克服远距离〖骑士&hearts;原创〗多远都要在一起</p>\r\n<p style=\"text-align: center\">扬起手中的沙〖骑士&hearts;原创〗结束虚假的话</p>\r\n<p style=\"text-align: center\">不甘朋友.〖骑士&hearts;原创〗不敢恋人.</p>\r\n<p style=\"text-align: center\">&nbsp;</p>','牵手','最爱你的人永不会将你遗弃','0/0','20161109/0/2.jpg',1,1,22,270,'2016-10-01 21:25:29',56,'123123123','0000-00-00 00:00:00','',0,0),(8,1,1,'最爱你的人永不会将你遗弃3','牵着我的手，闭着眼睛走你也不会迷路牵着我的手，闭着眼睛走你也不会迷路牵着我的手，闭着眼睛走你也不会迷路牵着我的手，闭着眼睛走你也不会迷路\r\n牵着我的手，闭着眼睛走你也不会迷路\n牵着我的手，闭着眼睛走你也不会迷路\n牵着我的手，闭着眼睛走你也不会迷路\n牵着我的手，闭着眼睛走你也不会迷路\n牵着我的手，闭着眼睛走你也不会迷路\n牵着我的手，闭着眼睛走你也不会迷路\n牵着我的手，闭着眼睛走你也不会迷路\n\n牵着我的手，闭着眼睛走你也不会迷路牵着我的手，闭着眼睛走你也不会迷路','牵手','牵着我的手，闭着眼睛走你也不会迷路','0/0','20161109/0/3.png',1,1,22,125,'2016-10-01 21:25:29',64,'131231321','0000-00-00 00:00:00','',0,0),(9,1,1,'牵着我的手，闭着眼睛走你也不会迷路h','牵着我的手，闭着眼睛走你也不会迷路牵着我的手，闭着眼睛走你也不会迷路牵着我的手，闭着眼睛走你也不会迷路牵着我的手，闭着眼睛走你也不会迷路\r\n牵着我的手，闭着眼睛走你也不会迷路\n牵着我的手，闭着眼睛走你也不会迷路\n牵着我的手，闭着眼睛走你也不会迷路\n牵着我的手，闭着眼睛走你也不会迷路\n牵着我的手，闭着眼睛走你也不会迷路\n牵着我的手，闭着眼睛走你也不会迷路\n牵着我的手，闭着眼睛走你也不会迷路\n\n牵着我的手，闭着眼睛走你也不会迷路牵着我的手，闭着眼睛走你也不会迷路','牵手','牵着我的手，闭着眼睛走你也不会迷路','0/0','20161109/0/1.jpg',1,1,22,125,'2016-10-01 21:25:29',3,'123123123','0000-00-00 00:00:00','',0,0),(10,8,1,'最爱你的人永不会将你遗弃5','牵着我的手，闭着眼睛走你也不会迷路牵着我的手，闭着眼睛走你也不会迷路牵着我的手，闭着眼睛走你也不会迷路牵着我的手，闭着眼睛走你也不会迷路\r\n牵着我的手，闭着眼睛走你也不会迷路\n牵着我的手，闭着眼睛走你也不会迷路\n牵着我的手，闭着眼睛走你也不会迷路\n牵着我的手，闭着眼睛走你也不会迷路\n牵着我的手，闭着眼睛走你也不会迷路\n牵着我的手，闭着眼睛走你也不会迷路\n牵着我的手，闭着眼睛走你也不会迷路\n\n牵着我的手，闭着眼睛走你也不会迷路牵着我的手，闭着眼睛走你也不会迷路','牵手','牵着我的手，闭着眼睛走你也不会迷路','0/0','20161109/0/4.jpg',1,1,22,125,'2016-10-01 21:25:29',23,'45645464','0000-00-00 00:00:00','',0,0),(11,1,1,'牵着我的手，闭着眼睛走你也不会迷路j','牵着我的手，闭着眼睛走你也不会迷路牵着我的手，闭着眼睛走你也不会迷路牵着我的手，闭着眼睛走你也不会迷路牵着我的手，闭着眼睛走你也不会迷路\r\n牵着我的手，闭着眼睛走你也不会迷路\n牵着我的手，闭着眼睛走你也不会迷路\n牵着我的手，闭着眼睛走你也不会迷路\n牵着我的手，闭着眼睛走你也不会迷路\n牵着我的手，闭着眼睛走你也不会迷路\n牵着我的手，闭着眼睛走你也不会迷路\n牵着我的手，闭着眼睛走你也不会迷路\n\n牵着我的手，闭着眼睛走你也不会迷路牵着我的手，闭着眼睛走你也不会迷路','牵手','牵着我的手，闭着眼睛走你也不会迷路','0/0','20161109/0/1.jpg',1,1,22,127,'2016-10-01 21:25:29',0,'123132123','0000-00-00 00:00:00','',0,0),(12,8,1,'牵着我的手，闭着眼睛走你也不会迷路k','牵着我的手，闭着眼睛走你也不会迷路牵着我的手，闭着眼睛走你也不会迷路牵着我的手，闭着眼睛走你也不会迷路牵着我的手，闭着眼睛走你也不会迷路\r\n牵着我的手，闭着眼睛走你也不会迷路\n牵着我的手，闭着眼睛走你也不会迷路\n牵着我的手，闭着眼睛走你也不会迷路\n牵着我的手，闭着眼睛走你也不会迷路\n牵着我的手，闭着眼睛走你也不会迷路\n牵着我的手，闭着眼睛走你也不会迷路\n牵着我的手，闭着眼睛走你也不会迷路\n\n牵着我的手，闭着眼睛走你也不会迷路牵着我的手，闭着眼睛走你也不会迷路','牵手','牵着我的手，闭着眼睛走你也不会迷路','0/0','20161109/0/4.jpg',1,1,22,125,'2016-10-01 21:25:29',35,'12312312','0000-00-00 00:00:00','',0,0),(13,8,1,'牵着我的手，闭着眼睛走你也不会迷路l','牵着我的手，闭着眼睛走你也不会迷路牵着我的手，闭着眼睛走你也不会迷路牵着我的手，闭着眼睛走你也不会迷路牵着我的手，闭着眼睛走你也不会迷路\r\n牵着我的手，闭着眼睛走你也不会迷路\n牵着我的手，闭着眼睛走你也不会迷路\n牵着我的手，闭着眼睛走你也不会迷路\n牵着我的手，闭着眼睛走你也不会迷路\n牵着我的手，闭着眼睛走你也不会迷路\n牵着我的手，闭着眼睛走你也不会迷路\n牵着我的手，闭着眼睛走你也不会迷路\n\n牵着我的手，闭着眼睛走你也不会迷路牵着我的手，闭着眼睛走你也不会迷路','牵手','最爱你的人永不会将你遗弃','0/0','20161109/0/2.jpg',1,1,22,125,'2016-10-01 21:25:29',94,'31231231','0000-00-00 00:00:00','',0,0),(14,1,1,'最爱你的人永不会将你遗弃4','牵着我的手，闭着眼睛走你也不会迷路牵着我的手，闭着眼睛走你也不会迷路牵着我的手，闭着眼睛走你也不会迷路牵着我的手，闭着眼睛走你也不会迷路\r\n牵着我的手，闭着眼睛走你也不会迷路\n牵着我的手，闭着眼睛走你也不会迷路\n牵着我的手，闭着眼睛走你也不会迷路\n牵着我的手，闭着眼睛走你也不会迷路\n牵着我的手，闭着眼睛走你也不会迷路\n牵着我的手，闭着眼睛走你也不会迷路\n牵着我的手，闭着眼睛走你也不会迷路\n\n牵着我的手，闭着眼睛走你也不会迷路牵着我的手，闭着眼睛走你也不会迷路','牵手','牵着我的手，闭着眼睛走你也不会迷路','0/0','20161109/0/3.png',1,1,22,125,'2016-10-01 21:25:29',45,'123123123','0000-00-00 00:00:00','',0,0),(15,9,1,'牵着我的手，闭着眼睛走你也不会迷路n','牵着我的手，闭着眼睛走你也不会迷路牵着我的手，闭着眼睛走你也不会迷路牵着我的手，闭着眼睛走你也不会迷路牵着我的手，闭着眼睛走你也不会迷路\r\n牵着我的手，闭着眼睛走你也不会迷路\n牵着我的手，闭着眼睛走你也不会迷路\n牵着我的手，闭着眼睛走你也不会迷路\n牵着我的手，闭着眼睛走你也不会迷路\n牵着我的手，闭着眼睛走你也不会迷路\n牵着我的手，闭着眼睛走你也不会迷路\n牵着我的手，闭着眼睛走你也不会迷路\n\n牵着我的手，闭着眼睛走你也不会迷路牵着我的手，闭着眼睛走你也不会迷路','牵手','牵着我的手，闭着眼睛走你也不会迷路','0/0','20161109/0/4.jpg',1,1,22,125,'2016-10-01 21:25:29',36,'123131232','0000-00-00 00:00:00','',0,0),(100008,0,2,'多关键词之间用英文多关键词之间用英文多关键词之间用英文','<p>多关键词之间用英文多关键词之间用英文多关键词之间用英文多关键词之间用英文多关键词之间用英文</p><p>多关<strong>键词之间用英文多关</strong>键词之间用英文</p><p>多关键词之间用英文多关键词之间用英文多关键词之间用英文</p><p><br /></p><p>多关键词之间用英文多关键词之间用英文<br /></p>','多关键词之间用英文','多关键词之间用英文多关键词之间用英文多关键词之间用英文多关键词之间用英文','','',1,1,333,333,'0000-00-00 00:00:00',33,'0','0000-00-00 00:00:00','',0,0),(100009,0,2,'文章标题文章标题文章标题','文章标题文章标题文章标题文章标题文章标题文章标题','文章标题','文章标题文章标题文章标题文章标题','','',1,1,44,444,'2016-10-16 23:09:00',44,'0','0000-00-00 00:00:00','',0,0),(100010,0,3,'文章缩略图文章缩略图文章缩略图','文章缩略图文章缩略图文章缩略图文章缩略图文章缩略图文章缩略图','文章缩略图文章缩略图','文章缩略图文章缩略图文章缩略图文章缩略图文章缩略图文章缩略图','','',1,1,555,555,'2016-10-16 23:11:29',5555,'2147483647','0000-00-00 00:00:00','',0,0),(100011,0,3,'文章缩略图文章缩略图文章缩略图nnnnnnnn','文章缩略图文章缩略图文章缩略图文章缩略图文章缩略图文章缩略图','文章缩略图文章缩略图','文章缩略图文章缩略图文章缩略图文章缩略图文章缩略图文章缩略图','','',1,1,555,555,'2016-10-16 23:11:29',5555,'2147483647','0000-00-00 00:00:00','',0,0),(100012,8,1,'牵着我的手，闭着眼睛走你也不会迷路111','牵着我的手，闭着眼睛走你也不会迷路牵着我的手，闭着眼睛走你也不会迷路牵着我的手，闭着眼睛走你也不会迷路牵着我的手，闭着眼睛走你也不会迷路\r\n牵着我的手，闭着眼睛走你也不会迷路\n牵着我的手，闭着眼睛走你也不会迷路\n牵着我的手，闭着眼睛走你也不会迷路\n牵着我的手，闭着眼睛走你也不会迷路\n牵着我的手，闭着眼睛走你也不会迷路\n牵着我的手，闭着眼睛走你也不会迷路\n牵着我的手，闭着眼睛走你也不会迷路\n\n牵着我的手，闭着眼睛走你也不会迷路牵着我的手，闭着眼睛走你也不会迷路','牵手','最爱你的人永不会将你遗弃','0/0','20161109/0/1.jpg',1,1,22,126,'2016-10-01 21:25:29',5,'12312423','0000-00-00 00:00:00','',0,0),(100013,8,1,'牵着我的手，闭着眼睛走你也不会迷路2222b','牵着我的手，闭着眼睛走你也不会迷路牵着我的手，闭着眼睛走你也不会迷路牵着我的手，闭着眼睛走你也不会迷路牵着我的手，闭着眼睛走你也不会迷路\r\n牵着我的手，闭着眼睛走你也不会迷路\n牵着我的手，闭着眼睛走你也不会迷路\n牵着我的手，闭着眼睛走你也不会迷路\n牵着我的手，闭着眼睛走你也不会迷路\n牵着我的手，闭着眼睛走你也不会迷路\n牵着我的手，闭着眼睛走你也不会迷路\n牵着我的手，闭着眼睛走你也不会迷路\n\n牵着我的手，闭着眼睛走你也不会迷路牵着我的手，闭着眼睛走你也不会迷路','牵手','牵着我的手，闭着眼睛走你也不会迷路','0/0','20161109/0/2.jpg',1,1,22,127,'2016-10-01 21:25:29',68,'23122313','0000-00-00 00:00:00','',0,0),(100014,8,1,'牵着我的手，闭着眼睛走你也不会迷路e4444','牵着我的手，闭着眼睛走你也不会迷路牵着我的手，闭着眼睛走你也不会迷路牵着我的手，闭着眼睛走你也不会迷路牵着我的手，闭着眼睛走你也不会迷路牵着我的手，闭着眼睛走你也不会迷路牵着我的手，闭着眼睛走你也不会迷路牵着我的手，闭着眼睛走你也不会迷路牵着我的手，闭着眼睛走你也不会迷路牵着我的手，闭着眼睛走你也不会迷路牵着我的手，闭着眼睛走你也不会迷路牵着我的手，闭着眼睛走你也不会迷路牵着我的手，闭着眼睛走你也不会迷路牵着我的手，闭着眼睛走你也不会迷路','牵手','牵着我的手，闭着眼睛走你也不会迷路','0/0','20161109/0/4.jpg',1,1,2222,12522,'2016-10-01 21:25:29',6422,'123123123','0000-00-00 00:00:00','',0,0),(100015,8,1,'牵着我的手，闭着眼睛走你也不会迷路f55555','牵着我的手，闭着眼睛走你也不会迷路牵着我的手，闭着眼睛走你也不会迷路牵着我的手，闭着眼睛走你也不会迷路牵着我的手，闭着眼睛走你也不会迷路\r\n牵着我的手，闭着眼睛走你也不会迷路\n牵着我的手，闭着眼睛走你也不会迷路\n牵着我的手，闭着眼睛走你也不会迷路\n牵着我的手，闭着眼睛走你也不会迷路\n牵着我的手，闭着眼睛走你也不会迷路\n牵着我的手，闭着眼睛走你也不会迷路\n牵着我的手，闭着眼睛走你也不会迷路\n\n牵着我的手，闭着眼睛走你也不会迷路牵着我的手，闭着眼睛走你也不会迷路\r\n<p style=\"text-align: center\">子昂〖骑士&hearts;原创〗逗逗</p>\r\n<p style=\"text-align: center\">Z.H.J〖骑士&hearts;原创〗5.2.0</p>\r\n<p style=\"text-align: center\">左耳情话〖骑士&hearts;原创〗右耳沙哑</p>\r\n<p style=\"text-align: center\">叶坚强^_^〖骑士&hearts;原创〗沈淡定o_o</p>\r\n<p style=\"text-align: center\">旧时旅途牵梦人.〖骑士&hearts;原创〗儿时深巷撩人魂.</p>\r\n<p style=\"text-align: center\">外面风大我带你回家〖骑士&hearts;原创〗外面风大我跟你回家</p>\r\n<p style=\"text-align: center\">左心房〖骑士&hearts;原创〗敞大大</p>\r\n<p style=\"text-align: center\">Island（孤岛）〖骑士&hearts;原创〗Empty（空城）</p>\r\n<p style=\"text-align: center\">我怎么变这样！〖骑士&hearts;原创〗变得这样任性！</p>\r\n<p style=\"text-align: center\">他。〖骑士&hearts;原创〗她。</p>\r\n<p style=\"text-align: center\">回回头〖骑士&hearts;原创〗挥挥手</p>\r\n<p style=\"text-align: center\">原谅我无人稀罕*〖骑士&hearts;原创〗原谅我只稀罕你*</p>\r\n<p style=\"text-align: center\">李晶〖骑士&hearts;原创〗王传捷</p>\r\n<p style=\"text-align: center\">我有故事你有酒吗〖骑士&hearts;原创〗我有酒你跟我走吗</p>\r\n<p style=\"text-align: center\">无人能替你雪妹.&#1711;&#1602;&#8300;&#8300;〖骑士&hearts;原创〗万人不及你皓哥.&#1711;&#1602;&#8300;&#8300;</p>\r\n<p style=\"text-align: center\">大雄〖骑士&hearts;原创〗静香</p>\r\n<p style=\"text-align: center\">&radic;大头儿子〖骑士&hearts;原创〗&radic;小头爸爸</p>\r\n<p style=\"text-align: center\">后来多美〖骑士&hearts;原创〗别说后来</p>\r\n<p style=\"text-align: center\">你蹦楞儿是么〖骑士&hearts;原创〗你大得嘞是么</p>\r\n<p style=\"text-align: center\">吼！奥特曼〖骑士&hearts;原创〗哈！小怪兽</p>\r\n<p style=\"text-align: center\">【﹏一缕阳光｜花未央　〗〖骑士&hearts;原创〗【﹏一丝微风｜人未走　〗</p>\r\n<p style=\"text-align: center\">把手给我〖骑士&hearts;原创〗我带你走</p>\r\n<p style=\"text-align: center\">&#48320;&#48177;&#54788;&#10004;〖骑士&hearts;原创〗&#48149;&#52268;&#50676;&#10004;</p>\r\n<p style=\"text-align: center\">我在时光尽头.〖骑士&hearts;原创〗守我一起终老.</p>\r\n<p style=\"text-align: center\">闫嵩我喜欢你，〖骑士&hearts;原创〗让他看见好吗.</p>\r\n<p style=\"text-align: center\">半我多久〖骑士&hearts;原创〗久留不走</p>\r\n<p style=\"text-align: center\">土豆你个马铃薯〖骑士&hearts;原创〗番茄你个西红柿</p>\r\n<p style=\"text-align: center\">I&rsquo;mfat！〖骑士&hearts;原创〗You&rsquo;refat！</p>\r\n<p style=\"text-align: center\">肩膀我给你〖骑士&hearts;原创〗苦笑我陪你</p>\r\n<p style=\"text-align: center\">难舍、〖骑士&hearts;原创〗难分、</p>\r\n<p style=\"text-align: center\">男朋友〖骑士&hearts;原创〗女朋友</p>\r\n<p style=\"text-align: center\">嗜酒成性〖骑士&hearts;原创〗嗜你如命</p>\r\n<p style=\"text-align: center\">sunshn&#9728;〖骑士&hearts;原创〗noonlght</p>\r\n<p style=\"text-align: center\">&ldquo;不流泪的鱼&rdquo;〖骑士&hearts;原创〗&ldquo;不流泪的妳&rdquo;</p>\r\n<p style=\"text-align: center\">我条女咦〖骑士&hearts;原创〗你条仔咦</p>\r\n<p style=\"text-align: center\">二五一九，〖骑士&hearts;原创〗ys.</p>\r\n<p style=\"text-align: center\">赵傻比爱我嘛〖骑士&hearts;原创〗邝大傻不爱你爱谁</p>\r\n<p style=\"text-align: center\">他跟我说〖骑士&hearts;原创〗我的一句话能影响他的<u>心情</u></p>\r\n<p style=\"text-align: center\">我有他@〖骑士&hearts;原创〗我有她@</p>\r\n<p style=\"text-align: center\">&#44608;&#48124;&#49437;&#10004;〖骑士&hearts;原创〗&#44608;&#51456;&#47732;&#10004;</p>\r\n<p style=\"text-align: center\">大宝&#9996;〖骑士&hearts;原创〗小宝&#9996;</p>\r\n<p style=\"text-align: center\">空旧人。〖骑士&hearts;原创〗空久人。</p>\r\n<p style=\"text-align: center\">别多心〖骑士&hearts;原创〗别瞎想</p>\r\n<p style=\"text-align: center\">有些污垢是擦不掉的，〖骑士&hearts;原创〗因为歇太久就黏住了。</p>\r\n<p style=\"text-align: center\">-.久伴〖骑士&hearts;原创〗-.酒伴</p>\r\n<p style=\"text-align: center\">曾经、那段情〖骑士&hearts;原创〗曾经、那段伤</p>\r\n<p style=\"text-align: center\">情话说给左耳听〖骑士&hearts;原创〗行动做给右腿看</p>\r\n<p style=\"text-align: center\">wwz〖骑士&hearts;原创〗llu</p>\r\n<p style=\"text-align: center\">你看从前〖骑士&hearts;原创〗你在眼前</p>\r\n<p style=\"text-align: center\">丫头@〖骑士&hearts;原创〗小子@</p>\r\n<p style=\"text-align: center\">微微一笑百媚生&deg;〖骑士&hearts;原创〗卖萌卖傻很天真&deg;</p>\r\n<p style=\"text-align: center\">故事与酒.〖骑士&hearts;原创〗长发与眸.</p>\r\n<p style=\"text-align: center\">勿忘初心〖骑士&hearts;原创〗不忘初情</p>\r\n<p style=\"text-align: center\">女人心海底针〖骑士&hearts;原创〗男人性天上云</p>\r\n<p style=\"text-align: center\">爷们别放开我的双手！〖骑士&hearts;原创〗老婆别缺席我的以后！</p>\r\n<p style=\"text-align: center\">有你=有了世界〖骑士&hearts;原创〗没你=入了地域</p>\r\n<p style=\"text-align: center\">搁浅的鱼〖骑士&hearts;原创〗空巷的猫</p>\r\n<p style=\"text-align: center\">笑衬心酸&iota;〖骑士&hearts;原创〗笑衬新欢&iota;</p>\r\n<p style=\"text-align: center\">初三二班二组五排〖骑士&hearts;原创〗初三二班五组二排</p>\r\n<p style=\"text-align: center\">待你长发及腰嫁人可好〖骑士&hearts;原创〗待我挣得世界娶你可好</p>\r\n<p style=\"text-align: center\">&#51109;&#50696;&#55141;&#10004;〖骑士&hearts;原创〗&#44608;&#51333;&#45824;&#10004;</p>\r\n<p style=\"text-align: center\">本樱是神〖骑士&hearts;原创〗别闹是人</p>\r\n<p style=\"text-align: center\">别闹，我的裤子要掉。〖骑士&hearts;原创〗胡说，你穿的是裙子。</p>\r\n<p style=\"text-align: center\">陈誉夫我喜欢你〖骑士&hearts;原创〗他不会看见吧</p>\r\n<p style=\"text-align: center\">张粑粑〖骑士&hearts;原创〗张麻麻</p>\r\n<p style=\"text-align: center\">我老汉〖骑士&hearts;原创〗我婆姨</p>\r\n<p style=\"text-align: center\">爱到海枯石烂不算可笑〖骑士&hearts;原创〗爱到满头白发不算可笑</p>\r\n<p style=\"text-align: center\">深情不及久伴〖骑士&hearts;原创〗久伴不如深情</p>\r\n<p style=\"text-align: center\">听说你心里有人了〖骑士&hearts;原创〗不然你是鬼啊</p>\r\n<p style=\"text-align: center\">炫迈妹儿〖骑士&hearts;原创〗王晨正</p>\r\n<p style=\"text-align: center\">15年我们开始了。〖骑士&hearts;原创〗22年我们结婚吧。</p>\r\n<p style=\"text-align: center\">盛开的孤独〖骑士&hearts;原创〗蔓延在梦境</p>\r\n<p style=\"text-align: center\">炫迈妹〖骑士&hearts;原创〗王晨正</p>\r\n<p style=\"text-align: center\">断桥、〖骑士&hearts;原创〗残雪、</p>\r\n<p style=\"text-align: center\">&#9788;既然恋爱〖骑士&hearts;原创〗甭谈分手&#9789;</p>\r\n<p style=\"text-align: center\">`简箹.o○〖骑士&hearts;原创〗`简嗳.o○</p>\r\n<p style=\"text-align: center\">爱曾不从保留。〖骑士&hearts;原创〗岁月被眼泪蒸发</p>\r\n<p style=\"text-align: center\">离骚.〖骑士&hearts;原创〗离宁.</p>\r\n<p style=\"text-align: center\">别来无恙〖骑士&hearts;原创〗你在心上.</p>\r\n<p style=\"text-align: center\">不离〖骑士&hearts;原创〗不弃</p>\r\n<p style=\"text-align: center\">王逗逗〖骑士&hearts;原创〗周梓昂</p>\r\n<p style=\"text-align: center\">萌叔叔&#10084;〖骑士&hearts;原创〗怪阿姨&#10084;</p>\r\n<p style=\"text-align: center\">慢走〖骑士&hearts;原创〗不送</p>\r\n<p style=\"text-align: center\">心安《peace〖骑士&hearts;原创〗安心《Peaceofmn</p>\r\n<p style=\"text-align: center\"><img border=\"0\" alt=\"\" src=\"http://www.qq74.net/tupian/allimg/150426/1105491N3-0.jpg\" /></p>\r\n<p style=\"text-align: center\">故事与酒.〖骑士&hearts;原创〗长发与眸.</p>\r\n<p style=\"text-align: center\">哦何以琛〖骑士&hearts;原创〗恩赵默笙</p>\r\n<p style=\"text-align: center\">愿违]〖骑士&hearts;原创〗从未]</p>\r\n<p style=\"text-align: center\">只愿君心似我心〖骑士&hearts;原创〗定不负相思意</p>\r\n<p style=\"text-align: center\">他爱笑〖骑士&hearts;原创〗她爱闹</p>\r\n<p style=\"text-align: center\">酒友〖骑士&hearts;原创〗旧友</p>\r\n<p style=\"text-align: center\">回来吧〖骑士&hearts;原创〗从未走过</p>\r\n<p style=\"text-align: center\">我的心事〖骑士&hearts;原创〗你的秘密</p>\r\n<p style=\"text-align: center\">忘了&#1711;&#1602;〖骑士&hearts;原创〗望了&#1711;&#1602;</p>\r\n<p style=\"text-align: center\">＂简简单单〖骑士&hearts;原创〗＂平平淡淡</p>\r\n<p style=\"text-align: center\">L.G.Y〖骑士&hearts;原创〗5.4.9</p>\r\n<p style=\"text-align: center\">傻逼〖骑士&hearts;原创〗煞笔</p>\r\n<p style=\"text-align: center\">吕海源我喜欢你〖骑士&hearts;原创〗让他看见好不好</p>\r\n<p style=\"text-align: center\">&ldquo;为什么高冷&rdquo;〖骑士&hearts;原创〗&ldquo;暖时被伤过&rdquo;</p>\r\n<p style=\"text-align: center\">执念！〖骑士&hearts;原创〗欲念！</p>\r\n<p style=\"text-align: center\">孤独三年.〖骑士&hearts;原创〗落单校园.</p>\r\n<p style=\"text-align: center\">我为什么不能爱你〖骑士&hearts;原创〗我爱你就行了</p>\r\n<p style=\"text-align: center\">时光若好，总是无言〖骑士&hearts;原创〗你若安好，便是晴天</p>\r\n<p style=\"text-align: center\">请叫我女王大人〖骑士&hearts;原创〗请叫我国王陛下</p>\r\n<p style=\"text-align: center\">浅笑若梦，梦别离〖骑士&hearts;原创〗泪珠如花，花离去</p>\r\n<p style=\"text-align: center\">事隔经年〖骑士&hearts;原创〗海以泪默</p>\r\n<p style=\"text-align: center\">甜言蜜语〖骑士&hearts;原创〗说给左耳听</p>\r\n<p style=\"text-align: center\">&deg;弧〖骑士&hearts;原创〗&deg;孤</p>\r\n<p style=\"text-align: center\">你主动我们就会有故事〖骑士&hearts;原创〗我主动我们就会有孩子</p>\r\n<p style=\"text-align: center\">大大怪他很乖〖骑士&hearts;原创〗小小怪很有爱</p>\r\n<p style=\"text-align: center\">睡你麻痹起来嗨！〖骑士&hearts;原创〗嗨你麻痹我要睡！</p>\r\n<p style=\"text-align: center\">旧念。〖骑士&hearts;原创〗念旧。</p>\r\n<p style=\"text-align: center\">心安〖骑士&hearts;原创〗梦魇</p>\r\n<p style=\"text-align: center\">大大月的小小璇哎〖骑士&hearts;原创〗小小璇的大大月呀！</p>\r\n<p style=\"text-align: center\">，〖骑士&hearts;原创〗。</p>\r\n<p style=\"text-align: center\">快看我捡到一个男神〖骑士&hearts;原创〗媳妇快把劳资放下来</p>\r\n<p style=\"text-align: center\">相顾无言.〖骑士&hearts;原创〗尴尬笑场.</p>\r\n<p style=\"text-align: center\">&#50724;&#50669;&#48276;&#10004;〖骑士&hearts;原创〗&#54889;&#51088;&#46020;&#10004;</p>\r\n<p style=\"text-align: center\">吉他〖骑士&hearts;原创〗及她</p>\r\n<p style=\"text-align: center\">别离开〖骑士&hearts;原创〗一直在</p>\r\n<p style=\"text-align: center\">歌未歇.〖骑士&hearts;原创〗人未远.</p>\r\n<p style=\"text-align: center\">赵爱人〖骑士&hearts;原创〗邝爱人</p>\r\n<p style=\"text-align: center\">初遇&#9728;〖骑士&hearts;原创〗久违&#9728;</p>\r\n<p style=\"text-align: center\">有生之年〖骑士&hearts;原创〗余生不变</p>\r\n<p style=\"text-align: center\">BADBOY&#9787;〖骑士&hearts;原创〗GOODGIRL&#9786;</p>\r\n<p style=\"text-align: center\">&#9818;本王有爱妻〖骑士&hearts;原创〗本妃有爱夫&#9819;</p>\r\n<p style=\"text-align: center\">左心房〖骑士&hearts;原创〗敞大大</p>\r\n<p style=\"text-align: center\">伪人&#9788;〖骑士&hearts;原创〗佯狗&#9728;</p>\r\n<p style=\"text-align: center\">别来无恙！〖骑士&hearts;原创〗你在心上！</p>\r\n<p style=\"text-align: center\">┎「☆落兮〖骑士&hearts;原创〗|▍Angle、兮&deg;</p>\r\n<p style=\"text-align: center\">︶ㄣ守護de愛︶〖骑士&hearts;原创〗︶ㄣ守護de情</p>\r\n<p style=\"text-align: center\">他姓董我心动〖骑士&hearts;原创〗她姓张我心脏</p>\r\n<p style=\"text-align: center\">萌萌哒的王子〖骑士&hearts;原创〗羞羞嗒的公主</p>\r\n<p style=\"text-align: center\">抱抱〖骑士&hearts;原创〗不要</p>\r\n<p style=\"text-align: center\">初二一班.〖骑士&hearts;原创〗初二五班.</p>\r\n<p style=\"text-align: center\">我喜欢杨博宇〖骑士&hearts;原创〗让他看见好吗</p>\r\n<p style=\"text-align: center\">勿忘心焉〖骑士&hearts;原创〗勿失花败</p>\r\n<p style=\"text-align: center\">深信&#10004;〖骑士&hearts;原创〗不失信&#10004;</p>\r\n<p style=\"text-align: center\">杨颖&#9728;〖骑士&hearts;原创〗黄晓明&#9728;</p>\r\n<p style=\"text-align: center\">那时的我头发没有多长〖骑士&hearts;原创〗那时的眼神是青涩明亮</p>\r\n<p style=\"text-align: center\">未曾谋面的思念〖骑士&hearts;原创〗未曾谋面的爱情</p>\r\n<p style=\"text-align: center\">晶哥〖骑士&hearts;原创〗传捷</p>\r\n<p style=\"text-align: center\">你以为我不会分手〖骑士&hearts;原创〗我以为你不会出轨</p>\r\n<p style=\"text-align: center\">孤独先生〖骑士&hearts;原创〗寂寞女士</p>\r\n<p style=\"text-align: center\">左耳〖骑士&hearts;原创〗右脚</p>\r\n<p style=\"text-align: center\">拥抱吗〖骑士&hearts;原创〗趁现在</p>\r\n<p style=\"text-align: center\">我没闹.〖骑士&hearts;原创〗你别笑.</p>\r\n<p style=\"text-align: center\">入戏太深。〖骑士&hearts;原创〗只剩一人。</p>\r\n<p style=\"text-align: center\">嘿。站住〖骑士&hearts;原创〗呵。干嘛</p>\r\n<p style=\"text-align: center\">季凉川〖骑士&hearts;原创〗沈檬</p>\r\n<p style=\"text-align: center\">Z.H.J〖骑士&hearts;原创〗5.2.0</p>\r\n<p style=\"text-align: center\">粉红色长发迷人的嘴唇〖骑士&hearts;原创〗浅蓝色眼影迷离的眼神</p>\r\n<p style=\"text-align: center\">席绝城〖骑士&hearts;原创〗顾念昔</p>\r\n<p style=\"text-align: center\">不敢深情〖骑士&hearts;原创〗害怕受伤</p>\r\n<p style=\"text-align: center\">铅笔@〖骑士&hearts;原创〗橡皮@</p>\r\n<p style=\"text-align: center\">闹够了、〖骑士&hearts;原创〗哭够了、</p>\r\n<p style=\"text-align: center\">女朋友〖骑士&hearts;原创〗男朋友</p>\r\n<p style=\"text-align: center\">原地傻傻的等〖骑士&hearts;原创〗换不回那温纯</p>\r\n<p style=\"text-align: center\">拥之则安&#1602;〖骑士&hearts;原创〗伴之则暖&#1602;</p>\r\n<p style=\"text-align: center\">男朋友〖骑士&hearts;原创〗女朋友</p>\r\n<p style=\"text-align: center\">我爱你〖骑士&hearts;原创〗我还爱你</p>\r\n<p style=\"text-align: center\">张艺兴我一直都在〖骑士&hearts;原创〗张艺兴我从未离开</p>\r\n<p style=\"text-align: center\">昔日恋人.〖骑士&hearts;原创〗如今陌路</p>\r\n<p style=\"text-align: center\">别忘我爱你*〖骑士&hearts;原创〗*要记我爱你</p>\r\n<p style=\"text-align: center\">&#47336;&#54620;&#10004;〖骑士&hearts;原创〗&#50724;&#49464;&#54984;&#10004;</p>\r\n<p style=\"text-align: center\">青衫如故〖骑士&hearts;原创〗眉眼如初</p>\r\n<p style=\"text-align: center\">许你一世疼我。〖骑士&hearts;原创〗许你一世爱我。</p>\r\n<p style=\"text-align: center\">她是我的〖骑士&hearts;原创〗我是他的</p>\r\n<p style=\"text-align: center\">:-]下站－最后的幸福:-*:〖骑士&hearts;原创〗:-]下站－最后的浪漫:-*</p>\r\n<p style=\"text-align: center\">你怎么那么闹〖骑士&hearts;原创〗都是你宠的啊</p>\r\n<p style=\"text-align: center\">我喜欢的他@〖骑士&hearts;原创〗他喜欢的她@</p>\r\n<p style=\"text-align: center\">L,G,M〖骑士&hearts;原创〗5,4,6</p>\r\n<p style=\"text-align: center\">Chanyeol〖骑士&hearts;原创〗Baekhyun</p>\r\n<p style=\"text-align: center\">懵智〖骑士&hearts;原创〗狗哥</p>\r\n<p style=\"text-align: center\">李嘉祺我喜欢你〖骑士&hearts;原创〗别让他看见好吗</p>\r\n<p style=\"text-align: center\">橘子的店〖骑士&hearts;原创〗苹果的店</p>\r\n<p style=\"text-align: center\">她哭了！〖骑士&hearts;原创〗我慌了！</p>\r\n<p style=\"text-align: center\">什么都没有〖骑士&hearts;原创〗只剩下你了</p>\r\n<p style=\"text-align: center\">你的笑总是装作很天真〖骑士&hearts;原创〗说我们永远都不会分离</p>\r\n<p style=\"text-align: center\">眼泪你忘了吗〖骑士&hearts;原创〗爱我你怕了吗</p>\r\n<p style=\"text-align: center\">&#44608;&#51333;&#51064;&#10004;〖骑士&hearts;原创〗&#46020;&#44221;&#49688;&#10004;</p>\r\n<p style=\"text-align: center\">陌上人，〖骑士&hearts;原创〗离心人，</p>\r\n<p style=\"text-align: center\">舍不得忘记〖骑士&hearts;原创〗不甘心放弃</p>\r\n<p style=\"text-align: center\">她是我的〖骑士&hearts;原创〗我是他的</p>\r\n<p style=\"text-align: center\">ギミ我说/爱你ルッ〖骑士&hearts;原创〗ギミ你说/爱我ルッ</p>\r\n<p style=\"text-align: center\">热酒烫喉〖骑士&hearts;原创〗冷水凉心</p>\r\n<p style=\"text-align: center\">逗比，在吗〖骑士&hearts;原创〗傻逼，在呢</p>\r\n<p style=\"text-align: center\">对不起〖骑士&hearts;原创〗没关系</p>\r\n<p style=\"text-align: center\">反正只是演戏〖骑士&hearts;原创〗反正只是练习</p>\r\n<p style=\"text-align: center\">他不爱我@〖骑士&hearts;原创〗我不爱他@</p>\r\n<p style=\"text-align: center\">媳妇快看天上好多月亮〖骑士&hearts;原创〗笨蛋那是星星</p>\r\n<p style=\"text-align: center\">一瞬间，怦然心动〖骑士&hearts;原创〗一辈子，伴你左右</p>\r\n<p style=\"text-align: center\">幽微灵秀地〖骑士&hearts;原创〗无可奈何天</p>\r\n<p style=\"text-align: center\">从阿格〖骑士&hearts;原创〗张阿龙</p>\r\n<p style=\"text-align: center\">许戈〖骑士&hearts;原创〗李珥</p>\r\n<p style=\"text-align: center\">我男朋友〖骑士&hearts;原创〗我女朋友</p>\r\n<p style=\"text-align: center\">我有病〖骑士&hearts;原创〗我有药</p>\r\n<p style=\"text-align: center\">爱能克服远距离〖骑士&hearts;原创〗多远都要在一起</p>\r\n<p style=\"text-align: center\">扬起手中的沙〖骑士&hearts;原创〗结束虚假的话</p>\r\n<p style=\"text-align: center\">不甘朋友.〖骑士&hearts;原创〗不敢恋人.</p>\r\n<p style=\"text-align: center\">&nbsp;</p>','牵手','最爱你的人永不会将你遗弃','0/0','20161109/0/2.jpg',1,1,22,264,'2016-10-01 21:25:29',56,'123123123','0000-00-00 00:00:00','',0,0),(100016,1,1,'最爱你的人永不会将你遗弃35555555','牵着我的666666手，闭着眼睛走你也不会迷路牵着我的手，闭着眼睛走你也不会迷路牵着我的手，闭着眼睛走你也不会迷路牵着我的手，闭着眼睛走你也不会迷路\r\n牵着我的手，闭着眼睛走你也不会迷路\n牵着我的手，闭着眼睛走你也不会迷路\n牵着我的手，闭着眼睛走你也不会迷路\n牵着我的手，闭着眼睛走你也不会迷路\n牵着我的手，闭着眼睛走你也不会迷路\n牵着我的手，闭着眼睛走你也不会迷路\n牵着我的手，闭着眼睛走你也不会迷路\n\n牵着我的手，闭着眼睛走你也不会迷路牵着我的手，闭着眼睛走你也不会迷路','牵手','牵着我的手，闭着眼睛走你也不会迷路','0/0','20161109/0/3.png',1,1,22,125,'2016-10-01 21:25:29',64,'131231321','0000-00-00 00:00:00','',0,0),(100017,1,1,'牵着我的手，闭着眼睛走你也不会迷路66666666h','牵着我的手，闭着眼睛走你也不会迷路牵着我的手，闭着眼睛走你也不会迷路牵着我的手，闭着眼睛走你也不会迷路牵着我的手，闭着眼睛走你也不会迷路\r\n牵着我的手，闭着眼睛走你也不会迷路\n牵着我的手，闭着眼睛走你也不会迷路\n牵着我的手，闭着眼睛走你也不会迷路\n牵着我的手，闭着眼睛走你也不会迷路\n牵着我的手，闭着眼睛走你也不会迷路\n牵着我的手，闭着眼睛走你也不会迷路\n牵着我的手，闭着眼睛走你也不会迷路\n\n牵着我的手，闭着眼睛走你也不会迷路牵着我的手，闭着眼睛走你也不会迷路','牵手','牵着我的手，闭着眼睛走你也不会迷路','0/0','20161109/0/1.jpg',1,1,22,125,'2016-10-01 21:25:29',3,'123123123','0000-00-00 00:00:00','',0,0),(100018,8,1,'最爱你的人永不会将你遗弃77777775','牵着我的手，闭着眼睛走你也不会迷路牵着我的手，闭着眼睛走你也不会迷路牵着我的手，闭着眼睛走你也不会迷路牵着我的手，闭着眼睛走你也不会迷路\r\n牵着我的手，闭着眼睛走你也不会迷路\n牵着我的手，闭着眼睛走你也不会迷路\n牵着我的手，闭着眼睛走你也不会迷路\n牵着我的手，闭着眼睛走你也不会迷路\n牵着我的手，闭着眼睛走你也不会迷路\n牵着我的手，闭着眼睛走你也不会迷路\n牵着我的手，闭着眼睛走你也不会迷路\n\n牵着我的手，闭着眼睛走你也不会迷路牵着我的手，闭着眼睛走你也不会迷路','牵手','牵着我的手，闭着眼睛走你也不会迷路','0/0','20161109/0/4.jpg',1,1,22,125,'2016-10-01 21:25:29',23,'45645464','0000-00-00 00:00:00','',0,0),(100019,1,1,'牵着我的手，闭着眼睛走你也不会迷路88888888j','牵着我的手，闭着眼睛走你也不会迷路牵着我的手，闭着眼睛走你也不会迷路牵着我的手，闭着眼睛走你也不会迷路牵着我的手，闭着眼睛走你也不会迷路\r\n牵着我的手，闭着眼睛走你也不会迷路\n牵着我的手，闭着眼睛走你也不会迷路\n牵着我的手，闭着眼睛走你也不会迷路\n牵着我的手，闭着眼睛走你也不会迷路\n牵着我的手，闭着眼睛走你也不会迷路\n牵着我的手，闭着眼睛走你也不会迷路\n牵着我的手，闭着眼睛走你也不会迷路\n\n牵着我的手，闭着眼睛走你也不会迷路牵着我的手，闭着眼睛走你也不会迷路','牵手','牵着我的手，闭着眼睛走你也不会迷路','0/0','20161109/0/1.jpg',1,1,22,127,'2016-10-01 21:25:29',0,'123132123','0000-00-00 00:00:00','',0,0),(100020,8,1,'牵着我的手，闭着眼睛走你也不会迷路9999999k','牵着我的手，闭着眼睛走你也不会迷路牵着我的手，闭着眼睛走你也不会迷路牵着我的手，闭着眼睛走你也不会迷路牵着我的手，闭着眼睛走你也不会迷路\r\n牵着我的手，闭着眼睛走你也不会迷路\n牵着我的手，闭着眼睛走你也不会迷路\n牵着我的手，闭着眼睛走你也不会迷路\n牵着我的手，闭着眼睛走你也不会迷路\n牵着我的手，闭着眼睛走你也不会迷路\n牵着我的手，闭着眼睛走你也不会迷路\n牵着我的手，闭着眼睛走你也不会迷路\n\n牵着我的手，闭着眼睛走你也不会迷路牵着我的手，闭着眼睛走你也不会迷路','牵手','牵着我的手，闭着眼睛走你也不会迷路','0/0','20161109/0/4.jpg',1,1,22,125,'2016-10-01 21:25:29',35,'12312312','0000-00-00 00:00:00','',0,0),(100021,8,1,'牵着我的手，闭着眼睛走你也不会迷路zzzzzzzzzzl','牵着我的手，闭着眼睛走你也不会迷路牵着我的手，闭着眼睛走你也不会迷路牵着我的手，闭着眼睛走你也不会迷路牵着我的手，闭着眼睛走你也不会迷路\r\n牵着我的手，闭着眼睛走你也不会迷路\n牵着我的手，闭着眼睛走你也不会迷路\n牵着我的手，闭着眼睛走你也不会迷路\n牵着我的手，闭着眼睛走你也不会迷路\n牵着我的手，闭着眼睛走你也不会迷路\n牵着我的手，闭着眼睛走你也不会迷路\n牵着我的手，闭着眼睛走你也不会迷路\n\n牵着我的手，闭着眼睛走你也不会迷路牵着我的手，闭着眼睛走你也不会迷路','牵手','最爱你的人永不会将你遗弃','0/0','20161109/0/2.jpg',1,1,22,125,'2016-10-01 21:25:29',94,'31231231','0000-00-00 00:00:00','',0,0),(100022,1,1,'最爱你的人永不会将你遗弃4xxxxxxxxxx','牵着我的手，闭着眼睛走你也不会迷路牵着我的手，闭着眼睛走你也不会迷路牵着我的手，闭着眼睛走你也不会迷路牵着我的手，闭着眼睛走你也不会迷路\r\n牵着我的手，闭着眼睛走你也不会迷路\n牵着我的手，闭着眼睛走你也不会迷路\n牵着我的手，闭着眼睛走你也不会迷路\n牵着我的手，闭着眼睛走你也不会迷路\n牵着我的手，闭着眼睛走你也不会迷路\n牵着我的手，闭着眼睛走你也不会迷路\n牵着我的手，闭着眼睛走你也不会迷路\n\n牵着我的手，闭着眼睛走你也不会迷路牵着我的手，闭着眼睛走你也不会迷路','牵手','牵着我的手，闭着眼睛走你也不会迷路','0/0','20161109/0/3.png',1,1,22,125,'2016-10-01 21:25:29',45,'123123123','0000-00-00 00:00:00','',0,0),(100023,9,1,'牵着我的手，闭着眼睛走你也不会迷路cccccccccccn','牵着我的手，闭着眼睛走你也不会迷路牵着我的手，闭着眼睛走你也不会迷路牵着我的手，闭着眼睛走你也不会迷路牵着我的手，闭着眼睛走你也不会迷路\r\n牵着我的手，闭着眼睛走你也不会迷路\n牵着我的手，闭着眼睛走你也不会迷路\n牵着我的手，闭着眼睛走你也不会迷路\n牵着我的手，闭着眼睛走你也不会迷路\n牵着我的手，闭着眼睛走你也不会迷路\n牵着我的手，闭着眼睛走你也不会迷路\n牵着我的手，闭着眼睛走你也不会迷路\n\n牵着我的手，闭着眼睛走你也不会迷路牵着我的手，闭着眼睛走你也不会迷路','牵手','牵着我的手，闭着眼睛走你也不会迷路','0/0','20161109/0/4.jpg',1,1,22,125,'2016-10-01 21:25:29',36,'123131232','0000-00-00 00:00:00','',0,0),(100024,0,2,'文章标题文章标题文章标bbbbbbb题','文章标题文章标题文章标题文章标题文章标题文章标题','文章标题','文章标题文章标题文章标题文章标题','','',11,1,44,444,'2016-10-16 23:09:00',44,'0','0000-00-00 00:00:00','',0,0),(100025,0,3,'文rrrrrrr章缩略图文章缩略图文章缩略图nnnnnnnn','文章缩略图文章缩略图文章缩略图文章缩略图文章缩略图文章缩略图','文章缩略图文章缩略图','文章缩略图文章缩略图文章缩略图文章缩略图文章缩略图文章缩略图','','',1,1,555,599,'2016-10-16 23:11:29',5555,'2147483647','0000-00-00 00:00:00','生日汇',0,0),(100026,8,1,'牵着我的手，闭着眼睛走你也不会迷路1aaaaaaa11','牵着我的手，闭着眼睛走你也不会迷路牵着我的手，闭着眼睛走你也不会迷路牵着我的手，闭着眼睛走你也不会迷路牵着我的手，闭着眼睛走你也不会迷路\r\n牵着我的手，闭着眼睛走你也不会迷路\n牵着我的手，闭着眼睛走你也不会迷路\n牵着我的手，闭着眼睛走你也不会迷路\n牵着我的手，闭着眼睛走你也不会迷路\n牵着我的手，闭着眼睛走你也不会迷路\n牵着我的手，闭着眼睛走你也不会迷路\n牵着我的手，闭着眼睛走你也不会迷路\n\n牵着我的手，闭着眼睛走你也不会迷路牵着我的手，闭着眼睛走你也不会迷路','牵手','最爱你的人永不会将你遗弃','0/0','0/0/1.jpg',1,1,22,126,'2016-10-01 21:25:29',5,'12312423','0000-00-00 00:00:00','',0,0),(100027,8,1,'牵着我的手，闭着眼睛走你也不会迷路2sssssss222b','牵着我的手，闭着眼睛走你也不会迷路牵着我的手，闭着眼睛走你也不会迷路牵着我的手，闭着眼睛走你也不会迷路牵着我的手，闭着眼睛走你也不会迷路\r\n牵着我的手，闭着眼睛走你也不会迷路\n牵着我的手，闭着眼睛走你也不会迷路\n牵着我的手，闭着眼睛走你也不会迷路\n牵着我的手，闭着眼睛走你也不会迷路\n牵着我的手，闭着眼睛走你也不会迷路\n牵着我的手，闭着眼睛走你也不会迷路\n牵着我的手，闭着眼睛走你也不会迷路\n\n牵着我的手，闭着眼睛走你也不会迷路牵着我的手，闭着眼睛走你也不会迷路','牵手','牵着我的手，闭着眼睛走你也不会迷路','0/0','0/0/2.jpg',1,1,22,127,'2016-10-01 21:25:29',68,'23122313','0000-00-00 00:00:00','',0,0),(100028,8,1,'ddddd最爱你的人永不会将你遗弃2','牵着我的手3333，闭着眼睛走你也不会迷路牵着我的手，闭着眼睛走你也不会迷路牵着我的手，闭着眼睛走你也不会迷路牵着我的手，闭着眼睛走你也不会迷路\r\n牵着我的手，闭着眼睛走你也不会迷路\n牵着我的手，闭着眼睛走你也不会迷路\n牵着我的手，闭着眼睛走你也不会迷路\n牵着我的手，闭着眼睛走你也不会迷路\n牵着我的手，闭着眼睛走你也不会迷路\n牵着我的手，闭着眼睛走你也不会迷路\n牵着我的手，闭着眼睛走你也不会迷路\n\n牵着我的手，闭着眼睛走你也不会迷路牵着我的手，闭着眼睛走你也不会迷路','牵手','最爱你的人永不会将你遗弃','0/0','0/0/3.png',1,1,22,125,'2016-10-01 21:25:29',5,'123123123','0000-00-00 00:00:00','',0,0),(100029,8,1,'fffff牵着我的手，闭着眼睛走你也不会迷路e4444','牵着我的手，闭着眼睛走你也不会迷路牵着我的手，闭着眼睛走你也不会迷路牵着我的手，闭着眼睛走你也不会迷路牵着我的手，闭着眼睛走你也不会迷路牵着我的手，闭着眼睛走你也不会迷路牵着我的手，闭着眼睛走你也不会迷路牵着我的手，闭着眼睛走你也不会迷路牵着我的手，闭着眼睛走你也不会迷路牵着我的手，闭着眼睛走你也不会迷路牵着我的手，闭着眼睛走你也不会迷路牵着我的手，闭着眼睛走你也不会迷路牵着我的手，闭着眼睛走你也不会迷路牵着我的手，闭着眼睛走你也不会迷路','牵手','牵着我的手，闭着眼睛走你也不会迷路','0/0','0/0/4.jpg',1,1,2222,12522,'2016-10-01 21:25:29',6422,'123123123','0000-00-00 00:00:00','',0,0),(100030,8,1,'gggggggg牵着我的手，闭着眼睛走你也不会迷路f55555','牵着我的手，闭着眼睛走你也不会迷路牵着我的手，闭着眼睛走你也不会迷路牵着我的手，闭着眼睛走你也不会迷路牵着我的手，闭着眼睛走你也不会迷路\r\n牵着我的手，闭着眼睛走你也不会迷路\n牵着我的手，闭着眼睛走你也不会迷路\n牵着我的手，闭着眼睛走你也不会迷路\n牵着我的手，闭着眼睛走你也不会迷路\n牵着我的手，闭着眼睛走你也不会迷路\n牵着我的手，闭着眼睛走你也不会迷路\n牵着我的手，闭着眼睛走你也不会迷路\n\n牵着我的手，闭着眼睛走你也不会迷路牵着我的手，闭着眼睛走你也不会迷路\r\n<p style=\"text-align: center\">子昂〖骑士&hearts;原创〗逗逗</p>\r\n<p style=\"text-align: center\">Z.H.J〖骑士&hearts;原创〗5.2.0</p>\r\n<p style=\"text-align: center\">左耳情话〖骑士&hearts;原创〗右耳沙哑</p>\r\n<p style=\"text-align: center\">叶坚强^_^〖骑士&hearts;原创〗沈淡定o_o</p>\r\n<p style=\"text-align: center\">旧时旅途牵梦人.〖骑士&hearts;原创〗儿时深巷撩人魂.</p>\r\n<p style=\"text-align: center\">外面风大我带你回家〖骑士&hearts;原创〗外面风大我跟你回家</p>\r\n<p style=\"text-align: center\">左心房〖骑士&hearts;原创〗敞大大</p>\r\n<p style=\"text-align: center\">Island（孤岛）〖骑士&hearts;原创〗Empty（空城）</p>\r\n<p style=\"text-align: center\">我怎么变这样！〖骑士&hearts;原创〗变得这样任性！</p>\r\n<p style=\"text-align: center\">他。〖骑士&hearts;原创〗她。</p>\r\n<p style=\"text-align: center\">回回头〖骑士&hearts;原创〗挥挥手</p>\r\n<p style=\"text-align: center\">原谅我无人稀罕*〖骑士&hearts;原创〗原谅我只稀罕你*</p>\r\n<p style=\"text-align: center\">李晶〖骑士&hearts;原创〗王传捷</p>\r\n<p style=\"text-align: center\">我有故事你有酒吗〖骑士&hearts;原创〗我有酒你跟我走吗</p>\r\n<p style=\"text-align: center\">无人能替你雪妹.&#1711;&#1602;&#8300;&#8300;〖骑士&hearts;原创〗万人不及你皓哥.&#1711;&#1602;&#8300;&#8300;</p>\r\n<p style=\"text-align: center\">大雄〖骑士&hearts;原创〗静香</p>\r\n<p style=\"text-align: center\">&radic;大头儿子〖骑士&hearts;原创〗&radic;小头爸爸</p>\r\n<p style=\"text-align: center\">后来多美〖骑士&hearts;原创〗别说后来</p>\r\n<p style=\"text-align: center\">你蹦楞儿是么〖骑士&hearts;原创〗你大得嘞是么</p>\r\n<p style=\"text-align: center\">吼！奥特曼〖骑士&hearts;原创〗哈！小怪兽</p>\r\n<p style=\"text-align: center\">【﹏一缕阳光｜花未央　〗〖骑士&hearts;原创〗【﹏一丝微风｜人未走　〗</p>\r\n<p style=\"text-align: center\">把手给我〖骑士&hearts;原创〗我带你走</p>\r\n<p style=\"text-align: center\">&#48320;&#48177;&#54788;&#10004;〖骑士&hearts;原创〗&#48149;&#52268;&#50676;&#10004;</p>\r\n<p style=\"text-align: center\">我在时光尽头.〖骑士&hearts;原创〗守我一起终老.</p>\r\n<p style=\"text-align: center\">闫嵩我喜欢你，〖骑士&hearts;原创〗让他看见好吗.</p>\r\n<p style=\"text-align: center\">半我多久〖骑士&hearts;原创〗久留不走</p>\r\n<p style=\"text-align: center\">土豆你个马铃薯〖骑士&hearts;原创〗番茄你个西红柿</p>\r\n<p style=\"text-align: center\">I&rsquo;mfat！〖骑士&hearts;原创〗You&rsquo;refat！</p>\r\n<p style=\"text-align: center\">肩膀我给你〖骑士&hearts;原创〗苦笑我陪你</p>\r\n<p style=\"text-align: center\">难舍、〖骑士&hearts;原创〗难分、</p>\r\n<p style=\"text-align: center\">男朋友〖骑士&hearts;原创〗女朋友</p>\r\n<p style=\"text-align: center\">嗜酒成性〖骑士&hearts;原创〗嗜你如命</p>\r\n<p style=\"text-align: center\">sunshn&#9728;〖骑士&hearts;原创〗noonlght</p>\r\n<p style=\"text-align: center\">&ldquo;不流泪的鱼&rdquo;〖骑士&hearts;原创〗&ldquo;不流泪的妳&rdquo;</p>\r\n<p style=\"text-align: center\">我条女咦〖骑士&hearts;原创〗你条仔咦</p>\r\n<p style=\"text-align: center\">二五一九，〖骑士&hearts;原创〗ys.</p>\r\n<p style=\"text-align: center\">赵傻比爱我嘛〖骑士&hearts;原创〗邝大傻不爱你爱谁</p>\r\n<p style=\"text-align: center\">他跟我说〖骑士&hearts;原创〗我的一句话能影响他的<u>心情</u></p>\r\n<p style=\"text-align: center\">我有他@〖骑士&hearts;原创〗我有她@</p>\r\n<p style=\"text-align: center\">&#44608;&#48124;&#49437;&#10004;〖骑士&hearts;原创〗&#44608;&#51456;&#47732;&#10004;</p>\r\n<p style=\"text-align: center\">大宝&#9996;〖骑士&hearts;原创〗小宝&#9996;</p>\r\n<p style=\"text-align: center\">空旧人。〖骑士&hearts;原创〗空久人。</p>\r\n<p style=\"text-align: center\">别多心〖骑士&hearts;原创〗别瞎想</p>\r\n<p style=\"text-align: center\">有些污垢是擦不掉的，〖骑士&hearts;原创〗因为歇太久就黏住了。</p>\r\n<p style=\"text-align: center\">-.久伴〖骑士&hearts;原创〗-.酒伴</p>\r\n<p style=\"text-align: center\">曾经、那段情〖骑士&hearts;原创〗曾经、那段伤</p>\r\n<p style=\"text-align: center\">情话说给左耳听〖骑士&hearts;原创〗行动做给右腿看</p>\r\n<p style=\"text-align: center\">wwz〖骑士&hearts;原创〗llu</p>\r\n<p style=\"text-align: center\">你看从前〖骑士&hearts;原创〗你在眼前</p>\r\n<p style=\"text-align: center\">丫头@〖骑士&hearts;原创〗小子@</p>\r\n<p style=\"text-align: center\">微微一笑百媚生&deg;〖骑士&hearts;原创〗卖萌卖傻很天真&deg;</p>\r\n<p style=\"text-align: center\">故事与酒.〖骑士&hearts;原创〗长发与眸.</p>\r\n<p style=\"text-align: center\">勿忘初心〖骑士&hearts;原创〗不忘初情</p>\r\n<p style=\"text-align: center\">女人心海底针〖骑士&hearts;原创〗男人性天上云</p>\r\n<p style=\"text-align: center\">爷们别放开我的双手！〖骑士&hearts;原创〗老婆别缺席我的以后！</p>\r\n<p style=\"text-align: center\">有你=有了世界〖骑士&hearts;原创〗没你=入了地域</p>\r\n<p style=\"text-align: center\">搁浅的鱼〖骑士&hearts;原创〗空巷的猫</p>\r\n<p style=\"text-align: center\">笑衬心酸&iota;〖骑士&hearts;原创〗笑衬新欢&iota;</p>\r\n<p style=\"text-align: center\">初三二班二组五排〖骑士&hearts;原创〗初三二班五组二排</p>\r\n<p style=\"text-align: center\">待你长发及腰嫁人可好〖骑士&hearts;原创〗待我挣得世界娶你可好</p>\r\n<p style=\"text-align: center\">&#51109;&#50696;&#55141;&#10004;〖骑士&hearts;原创〗&#44608;&#51333;&#45824;&#10004;</p>\r\n<p style=\"text-align: center\">本樱是神〖骑士&hearts;原创〗别闹是人</p>\r\n<p style=\"text-align: center\">别闹，我的裤子要掉。〖骑士&hearts;原创〗胡说，你穿的是裙子。</p>\r\n<p style=\"text-align: center\">陈誉夫我喜欢你〖骑士&hearts;原创〗他不会看见吧</p>\r\n<p style=\"text-align: center\">张粑粑〖骑士&hearts;原创〗张麻麻</p>\r\n<p style=\"text-align: center\">我老汉〖骑士&hearts;原创〗我婆姨</p>\r\n<p style=\"text-align: center\">爱到海枯石烂不算可笑〖骑士&hearts;原创〗爱到满头白发不算可笑</p>\r\n<p style=\"text-align: center\">深情不及久伴〖骑士&hearts;原创〗久伴不如深情</p>\r\n<p style=\"text-align: center\">听说你心里有人了〖骑士&hearts;原创〗不然你是鬼啊</p>\r\n<p style=\"text-align: center\">炫迈妹儿〖骑士&hearts;原创〗王晨正</p>\r\n<p style=\"text-align: center\">15年我们开始了。〖骑士&hearts;原创〗22年我们结婚吧。</p>\r\n<p style=\"text-align: center\">盛开的孤独〖骑士&hearts;原创〗蔓延在梦境</p>\r\n<p style=\"text-align: center\">炫迈妹〖骑士&hearts;原创〗王晨正</p>\r\n<p style=\"text-align: center\">断桥、〖骑士&hearts;原创〗残雪、</p>\r\n<p style=\"text-align: center\">&#9788;既然恋爱〖骑士&hearts;原创〗甭谈分手&#9789;</p>\r\n<p style=\"text-align: center\">`简箹.o○〖骑士&hearts;原创〗`简嗳.o○</p>\r\n<p style=\"text-align: center\">爱曾不从保留。〖骑士&hearts;原创〗岁月被眼泪蒸发</p>\r\n<p style=\"text-align: center\">离骚.〖骑士&hearts;原创〗离宁.</p>\r\n<p style=\"text-align: center\">别来无恙〖骑士&hearts;原创〗你在心上.</p>\r\n<p style=\"text-align: center\">不离〖骑士&hearts;原创〗不弃</p>\r\n<p style=\"text-align: center\">王逗逗〖骑士&hearts;原创〗周梓昂</p>\r\n<p style=\"text-align: center\">萌叔叔&#10084;〖骑士&hearts;原创〗怪阿姨&#10084;</p>\r\n<p style=\"text-align: center\">慢走〖骑士&hearts;原创〗不送</p>\r\n<p style=\"text-align: center\">心安《peace〖骑士&hearts;原创〗安心《Peaceofmn</p>\r\n<p style=\"text-align: center\"><img border=\"0\" alt=\"\" src=\"http://www.qq74.net/tupian/allimg/150426/1105491N3-0.jpg\" /></p>\r\n<p style=\"text-align: center\">故事与酒.〖骑士&hearts;原创〗长发与眸.</p>\r\n<p style=\"text-align: center\">哦何以琛〖骑士&hearts;原创〗恩赵默笙</p>\r\n<p style=\"text-align: center\">愿违]〖骑士&hearts;原创〗从未]</p>\r\n<p style=\"text-align: center\">只愿君心似我心〖骑士&hearts;原创〗定不负相思意</p>\r\n<p style=\"text-align: center\">他爱笑〖骑士&hearts;原创〗她爱闹</p>\r\n<p style=\"text-align: center\">酒友〖骑士&hearts;原创〗旧友</p>\r\n<p style=\"text-align: center\">回来吧〖骑士&hearts;原创〗从未走过</p>\r\n<p style=\"text-align: center\">我的心事〖骑士&hearts;原创〗你的秘密</p>\r\n<p style=\"text-align: center\">忘了&#1711;&#1602;〖骑士&hearts;原创〗望了&#1711;&#1602;</p>\r\n<p style=\"text-align: center\">＂简简单单〖骑士&hearts;原创〗＂平平淡淡</p>\r\n<p style=\"text-align: center\">L.G.Y〖骑士&hearts;原创〗5.4.9</p>\r\n<p style=\"text-align: center\">傻逼〖骑士&hearts;原创〗煞笔</p>\r\n<p style=\"text-align: center\">吕海源我喜欢你〖骑士&hearts;原创〗让他看见好不好</p>\r\n<p style=\"text-align: center\">&ldquo;为什么高冷&rdquo;〖骑士&hearts;原创〗&ldquo;暖时被伤过&rdquo;</p>\r\n<p style=\"text-align: center\">执念！〖骑士&hearts;原创〗欲念！</p>\r\n<p style=\"text-align: center\">孤独三年.〖骑士&hearts;原创〗落单校园.</p>\r\n<p style=\"text-align: center\">我为什么不能爱你〖骑士&hearts;原创〗我爱你就行了</p>\r\n<p style=\"text-align: center\">时光若好，总是无言〖骑士&hearts;原创〗你若安好，便是晴天</p>\r\n<p style=\"text-align: center\">请叫我女王大人〖骑士&hearts;原创〗请叫我国王陛下</p>\r\n<p style=\"text-align: center\">浅笑若梦，梦别离〖骑士&hearts;原创〗泪珠如花，花离去</p>\r\n<p style=\"text-align: center\">事隔经年〖骑士&hearts;原创〗海以泪默</p>\r\n<p style=\"text-align: center\">甜言蜜语〖骑士&hearts;原创〗说给左耳听</p>\r\n<p style=\"text-align: center\">&deg;弧〖骑士&hearts;原创〗&deg;孤</p>\r\n<p style=\"text-align: center\">你主动我们就会有故事〖骑士&hearts;原创〗我主动我们就会有孩子</p>\r\n<p style=\"text-align: center\">大大怪他很乖〖骑士&hearts;原创〗小小怪很有爱</p>\r\n<p style=\"text-align: center\">睡你麻痹起来嗨！〖骑士&hearts;原创〗嗨你麻痹我要睡！</p>\r\n<p style=\"text-align: center\">旧念。〖骑士&hearts;原创〗念旧。</p>\r\n<p style=\"text-align: center\">心安〖骑士&hearts;原创〗梦魇</p>\r\n<p style=\"text-align: center\">大大月的小小璇哎〖骑士&hearts;原创〗小小璇的大大月呀！</p>\r\n<p style=\"text-align: center\">，〖骑士&hearts;原创〗。</p>\r\n<p style=\"text-align: center\">快看我捡到一个男神〖骑士&hearts;原创〗媳妇快把劳资放下来</p>\r\n<p style=\"text-align: center\">相顾无言.〖骑士&hearts;原创〗尴尬笑场.</p>\r\n<p style=\"text-align: center\">&#50724;&#50669;&#48276;&#10004;〖骑士&hearts;原创〗&#54889;&#51088;&#46020;&#10004;</p>\r\n<p style=\"text-align: center\">吉他〖骑士&hearts;原创〗及她</p>\r\n<p style=\"text-align: center\">别离开〖骑士&hearts;原创〗一直在</p>\r\n<p style=\"text-align: center\">歌未歇.〖骑士&hearts;原创〗人未远.</p>\r\n<p style=\"text-align: center\">赵爱人〖骑士&hearts;原创〗邝爱人</p>\r\n<p style=\"text-align: center\">初遇&#9728;〖骑士&hearts;原创〗久违&#9728;</p>\r\n<p style=\"text-align: center\">有生之年〖骑士&hearts;原创〗余生不变</p>\r\n<p style=\"text-align: center\">BADBOY&#9787;〖骑士&hearts;原创〗GOODGIRL&#9786;</p>\r\n<p style=\"text-align: center\">&#9818;本王有爱妻〖骑士&hearts;原创〗本妃有爱夫&#9819;</p>\r\n<p style=\"text-align: center\">左心房〖骑士&hearts;原创〗敞大大</p>\r\n<p style=\"text-align: center\">伪人&#9788;〖骑士&hearts;原创〗佯狗&#9728;</p>\r\n<p style=\"text-align: center\">别来无恙！〖骑士&hearts;原创〗你在心上！</p>\r\n<p style=\"text-align: center\">┎「☆落兮〖骑士&hearts;原创〗|▍Angle、兮&deg;</p>\r\n<p style=\"text-align: center\">︶ㄣ守護de愛︶〖骑士&hearts;原创〗︶ㄣ守護de情</p>\r\n<p style=\"text-align: center\">他姓董我心动〖骑士&hearts;原创〗她姓张我心脏</p>\r\n<p style=\"text-align: center\">萌萌哒的王子〖骑士&hearts;原创〗羞羞嗒的公主</p>\r\n<p style=\"text-align: center\">抱抱〖骑士&hearts;原创〗不要</p>\r\n<p style=\"text-align: center\">初二一班.〖骑士&hearts;原创〗初二五班.</p>\r\n<p style=\"text-align: center\">我喜欢杨博宇〖骑士&hearts;原创〗让他看见好吗</p>\r\n<p style=\"text-align: center\">勿忘心焉〖骑士&hearts;原创〗勿失花败</p>\r\n<p style=\"text-align: center\">深信&#10004;〖骑士&hearts;原创〗不失信&#10004;</p>\r\n<p style=\"text-align: center\">杨颖&#9728;〖骑士&hearts;原创〗黄晓明&#9728;</p>\r\n<p style=\"text-align: center\">那时的我头发没有多长〖骑士&hearts;原创〗那时的眼神是青涩明亮</p>\r\n<p style=\"text-align: center\">未曾谋面的思念〖骑士&hearts;原创〗未曾谋面的爱情</p>\r\n<p style=\"text-align: center\">晶哥〖骑士&hearts;原创〗传捷</p>\r\n<p style=\"text-align: center\">你以为我不会分手〖骑士&hearts;原创〗我以为你不会出轨</p>\r\n<p style=\"text-align: center\">孤独先生〖骑士&hearts;原创〗寂寞女士</p>\r\n<p style=\"text-align: center\">左耳〖骑士&hearts;原创〗右脚</p>\r\n<p style=\"text-align: center\">拥抱吗〖骑士&hearts;原创〗趁现在</p>\r\n<p style=\"text-align: center\">我没闹.〖骑士&hearts;原创〗你别笑.</p>\r\n<p style=\"text-align: center\">入戏太深。〖骑士&hearts;原创〗只剩一人。</p>\r\n<p style=\"text-align: center\">嘿。站住〖骑士&hearts;原创〗呵。干嘛</p>\r\n<p style=\"text-align: center\">季凉川〖骑士&hearts;原创〗沈檬</p>\r\n<p style=\"text-align: center\">Z.H.J〖骑士&hearts;原创〗5.2.0</p>\r\n<p style=\"text-align: center\">粉红色长发迷人的嘴唇〖骑士&hearts;原创〗浅蓝色眼影迷离的眼神</p>\r\n<p style=\"text-align: center\">席绝城〖骑士&hearts;原创〗顾念昔</p>\r\n<p style=\"text-align: center\">不敢深情〖骑士&hearts;原创〗害怕受伤</p>\r\n<p style=\"text-align: center\">铅笔@〖骑士&hearts;原创〗橡皮@</p>\r\n<p style=\"text-align: center\">闹够了、〖骑士&hearts;原创〗哭够了、</p>\r\n<p style=\"text-align: center\">女朋友〖骑士&hearts;原创〗男朋友</p>\r\n<p style=\"text-align: center\">原地傻傻的等〖骑士&hearts;原创〗换不回那温纯</p>\r\n<p style=\"text-align: center\">拥之则安&#1602;〖骑士&hearts;原创〗伴之则暖&#1602;</p>\r\n<p style=\"text-align: center\">男朋友〖骑士&hearts;原创〗女朋友</p>\r\n<p style=\"text-align: center\">我爱你〖骑士&hearts;原创〗我还爱你</p>\r\n<p style=\"text-align: center\">张艺兴我一直都在〖骑士&hearts;原创〗张艺兴我从未离开</p>\r\n<p style=\"text-align: center\">昔日恋人.〖骑士&hearts;原创〗如今陌路</p>\r\n<p style=\"text-align: center\">别忘我爱你*〖骑士&hearts;原创〗*要记我爱你</p>\r\n<p style=\"text-align: center\">&#47336;&#54620;&#10004;〖骑士&hearts;原创〗&#50724;&#49464;&#54984;&#10004;</p>\r\n<p style=\"text-align: center\">青衫如故〖骑士&hearts;原创〗眉眼如初</p>\r\n<p style=\"text-align: center\">许你一世疼我。〖骑士&hearts;原创〗许你一世爱我。</p>\r\n<p style=\"text-align: center\">她是我的〖骑士&hearts;原创〗我是他的</p>\r\n<p style=\"text-align: center\">:-]下站－最后的幸福:-*:〖骑士&hearts;原创〗:-]下站－最后的浪漫:-*</p>\r\n<p style=\"text-align: center\">你怎么那么闹〖骑士&hearts;原创〗都是你宠的啊</p>\r\n<p style=\"text-align: center\">我喜欢的他@〖骑士&hearts;原创〗他喜欢的她@</p>\r\n<p style=\"text-align: center\">L,G,M〖骑士&hearts;原创〗5,4,6</p>\r\n<p style=\"text-align: center\">Chanyeol〖骑士&hearts;原创〗Baekhyun</p>\r\n<p style=\"text-align: center\">懵智〖骑士&hearts;原创〗狗哥</p>\r\n<p style=\"text-align: center\">李嘉祺我喜欢你〖骑士&hearts;原创〗别让他看见好吗</p>\r\n<p style=\"text-align: center\">橘子的店〖骑士&hearts;原创〗苹果的店</p>\r\n<p style=\"text-align: center\">她哭了！〖骑士&hearts;原创〗我慌了！</p>\r\n<p style=\"text-align: center\">什么都没有〖骑士&hearts;原创〗只剩下你了</p>\r\n<p style=\"text-align: center\">你的笑总是装作很天真〖骑士&hearts;原创〗说我们永远都不会分离</p>\r\n<p style=\"text-align: center\">眼泪你忘了吗〖骑士&hearts;原创〗爱我你怕了吗</p>\r\n<p style=\"text-align: center\">&#44608;&#51333;&#51064;&#10004;〖骑士&hearts;原创〗&#46020;&#44221;&#49688;&#10004;</p>\r\n<p style=\"text-align: center\">陌上人，〖骑士&hearts;原创〗离心人，</p>\r\n<p style=\"text-align: center\">舍不得忘记〖骑士&hearts;原创〗不甘心放弃</p>\r\n<p style=\"text-align: center\">她是我的〖骑士&hearts;原创〗我是他的</p>\r\n<p style=\"text-align: center\">ギミ我说/爱你ルッ〖骑士&hearts;原创〗ギミ你说/爱我ルッ</p>\r\n<p style=\"text-align: center\">热酒烫喉〖骑士&hearts;原创〗冷水凉心</p>\r\n<p style=\"text-align: center\">逗比，在吗〖骑士&hearts;原创〗傻逼，在呢</p>\r\n<p style=\"text-align: center\">对不起〖骑士&hearts;原创〗没关系</p>\r\n<p style=\"text-align: center\">反正只是演戏〖骑士&hearts;原创〗反正只是练习</p>\r\n<p style=\"text-align: center\">他不爱我@〖骑士&hearts;原创〗我不爱他@</p>\r\n<p style=\"text-align: center\">媳妇快看天上好多月亮〖骑士&hearts;原创〗笨蛋那是星星</p>\r\n<p style=\"text-align: center\">一瞬间，怦然心动〖骑士&hearts;原创〗一辈子，伴你左右</p>\r\n<p style=\"text-align: center\">幽微灵秀地〖骑士&hearts;原创〗无可奈何天</p>\r\n<p style=\"text-align: center\">从阿格〖骑士&hearts;原创〗张阿龙</p>\r\n<p style=\"text-align: center\">许戈〖骑士&hearts;原创〗李珥</p>\r\n<p style=\"text-align: center\">我男朋友〖骑士&hearts;原创〗我女朋友</p>\r\n<p style=\"text-align: center\">我有病〖骑士&hearts;原创〗我有药</p>\r\n<p style=\"text-align: center\">爱能克服远距离〖骑士&hearts;原创〗多远都要在一起</p>\r\n<p style=\"text-align: center\">扬起手中的沙〖骑士&hearts;原创〗结束虚假的话</p>\r\n<p style=\"text-align: center\">不甘朋友.〖骑士&hearts;原创〗不敢恋人.</p>\r\n<p style=\"text-align: center\">&nbsp;</p>','牵手','最爱你的人永不会将你遗弃','0/0','0/0/2.jpg',1,1,22,264,'2016-10-01 21:25:29',56,'123123123','0000-00-00 00:00:00','',0,0),(100031,1,1,'hhhhhh最爱你的人永不会将你遗弃35555555','牵着我的666666手，闭着眼睛走你也不会迷路牵着我的手，闭着眼睛走你也不会迷路牵着我的手，闭着眼睛走你也不会迷路牵着我的手，闭着眼睛走你也不会迷路\r\n牵着我的手，闭着眼睛走你也不会迷路\n牵着我的手，闭着眼睛走你也不会迷路\n牵着我的手，闭着眼睛走你也不会迷路\n牵着我的手，闭着眼睛走你也不会迷路\n牵着我的手，闭着眼睛走你也不会迷路\n牵着我的手，闭着眼睛走你也不会迷路\n牵着我的手，闭着眼睛走你也不会迷路\n\n牵着我的手，闭着眼睛走你也不会迷路牵着我的手，闭着眼睛走你也不会迷路','牵手','牵着我的手，闭着眼睛走你也不会迷路','0/0','0/0/3.png',1,1,22,125,'2016-10-01 21:25:29',64,'131231321','0000-00-00 00:00:00','',0,0),(100032,1,1,'jjjjjjjj牵着我的手，闭着眼睛走你也不会迷路66666666h','牵着我的手，闭着眼睛走你也不会迷路牵着我的手，闭着眼睛走你也不会迷路牵着我的手，闭着眼睛走你也不会迷路牵着我的手，闭着眼睛走你也不会迷路\r\n牵着我的手，闭着眼睛走你也不会迷路\n牵着我的手，闭着眼睛走你也不会迷路\n牵着我的手，闭着眼睛走你也不会迷路\n牵着我的手，闭着眼睛走你也不会迷路\n牵着我的手，闭着眼睛走你也不会迷路\n牵着我的手，闭着眼睛走你也不会迷路\n牵着我的手，闭着眼睛走你也不会迷路\n\n牵着我的手，闭着眼睛走你也不会迷路牵着我的手，闭着眼睛走你也不会迷路','牵手','牵着我的手，闭着眼睛走你也不会迷路','20161109/0','0/0/1.jpg',1,1,22,133,'2016-10-01 21:25:29',3,'123123123','0000-00-00 00:00:00','',0,0),(100033,8,1,'kkkkkkk最爱你的人永不会将你遗弃77777775','牵着我的手，闭着眼睛走你也不会迷路牵着我的手，闭着眼睛走你也不会迷路牵着我的手，闭着眼睛走你也不会迷路牵着我的手，闭着眼睛走你也不会迷路\r\n牵着我的手，闭着眼睛走你也不会迷路\n牵着我的手，闭着眼睛走你也不会迷路\n牵着我的手，闭着眼睛走你也不会迷路\n牵着我的手，闭着眼睛走你也不会迷路\n牵着我的手，闭着眼睛走你也不会迷路\n牵着我的手，闭着眼睛走你也不会迷路\n牵着我的手，闭着眼睛走你也不会迷路\n\n牵着我的手，闭着眼睛走你也不会迷路牵着我的手，闭着眼睛走你也不会迷路','牵手','牵着我的手，闭着眼睛走你也不会迷路','20161109/0','0/0/4.jpg',1,1,22,125,'2016-10-01 21:25:29',23,'45645464','0000-00-00 00:00:00','',0,0),(100034,1,1,'llllllll牵着我的手，闭着眼睛走你也不会迷路88888888j','牵着我的手，闭着眼睛走你也不会迷路牵着我的手，闭着眼睛走你也不会迷路牵着我的手，闭着眼睛走你也不会迷路牵着我的手，闭着眼睛走你也不会迷路\r\n牵着我的手，闭着眼睛走你也不会迷路\n牵着我的手，闭着眼睛走你也不会迷路\n牵着我的手，闭着眼睛走你也不会迷路\n牵着我的手，闭着眼睛走你也不会迷路\n牵着我的手，闭着眼睛走你也不会迷路\n牵着我的手，闭着眼睛走你也不会迷路\n牵着我的手，闭着眼睛走你也不会迷路\n\n牵着我的手，闭着眼睛走你也不会迷路牵着我的手，闭着眼睛走你也不会迷路','牵手','牵着我的手，闭着眼睛走你也不会迷路','20161109/0','0/0/1.jpg',1,1,22,127,'2016-10-01 21:25:29',0,'123132123','0000-00-00 00:00:00','',0,0),(100035,8,1,'pppppp牵着我的手，闭着眼睛走你也不会迷路9999999k','牵着我的手，闭着眼睛走你也不会迷路牵着我的手，闭着眼睛走你也不会迷路牵着我的手，闭着眼睛走你也不会迷路牵着我的手，闭着眼睛走你也不会迷路\r\n牵着我的手，闭着眼睛走你也不会迷路\n牵着我的手，闭着眼睛走你也不会迷路\n牵着我的手，闭着眼睛走你也不会迷路\n牵着我的手，闭着眼睛走你也不会迷路\n牵着我的手，闭着眼睛走你也不会迷路\n牵着我的手，闭着眼睛走你也不会迷路\n牵着我的手，闭着眼睛走你也不会迷路\n\n牵着我的手，闭着眼睛走你也不会迷路牵着我的手，闭着眼睛走你也不会迷路','牵手','牵着我的手，闭着眼睛走你也不会迷路','20161111/0','20161109/0/4.jpg',1,1,22,125,'2016-10-01 21:25:29',35,'12312312','0000-00-00 00:00:00','',0,0),(100036,8,1,'ooooooo牵着我的手，闭着眼睛走你也不会迷路zzzzzzzzzzl','牵着我的手，闭着眼睛走你也不会迷路牵着我的手，闭着眼睛走你也不会迷路牵着我的手，闭着眼睛走你也不会迷路牵着我的手，闭着眼睛走你也不会迷路\r\n牵着我的手，闭着眼睛走你也不会迷路\n牵着我的手，闭着眼睛走你也不会迷路\n牵着我的手，闭着眼睛走你也不会迷路\n牵着我的手，闭着眼睛走你也不会迷路\n牵着我的手，闭着眼睛走你也不会迷路\n牵着我的手，闭着眼睛走你也不会迷路\n牵着我的手，闭着眼睛走你也不会迷路\n\n牵着我的手，闭着眼睛走你也不会迷路牵着我的手，闭着眼睛走你也不会迷路','牵手','最爱你的人永不会将你遗弃','20161109/0','0/0/2.jpg',1,1,22,126,'2016-10-01 21:25:29',94,'31231231','0000-00-00 00:00:00','',0,0),(100037,1,1,'iiiiii最爱你的人永不会将你遗弃4xxxxxxxxxx','牵着我的手，闭着眼睛走你也不会迷路牵着我的手，闭着眼睛走你也不会迷路牵着我的手，闭着眼睛走你也不会迷路牵着我的手，闭着眼睛走你也不会迷路\r\n牵着我的手，闭着眼睛走你也不会迷路\n牵着我的手，闭着眼睛走你也不会迷路\n牵着我的手，闭着眼睛走你也不会迷路\n牵着我的手，闭着眼睛走你也不会迷路\n牵着我的手，闭着眼睛走你也不会迷路\n牵着我的手，闭着眼睛走你也不会迷路\n牵着我的手，闭着眼睛走你也不会迷路\n\n牵着我的手，闭着眼睛走你也不会迷路牵着我的手，闭着眼睛走你也不会迷路','牵手','牵着我的手，闭着眼睛走你也不会迷路','20161109/0','20161109/0/3.jpg',1,1,22,125,'2016-10-01 21:25:29',45,'123123123','0000-00-00 00:00:00','',0,0),(100038,9,1,'uuuuu牵着我的手，闭着眼睛走你也不会迷路cccccccccccn','牵着我的手，闭着眼睛走你也不会迷路牵着我的手，闭着眼睛走你也不会迷路牵着我的手，闭着眼睛走你也不会迷路牵着我的手，闭着眼睛走你也不会迷路\r\n牵着我的手，闭着眼睛走你也不会迷路\n牵着我的手，闭着眼睛走你也不会迷路\n牵着我的手，闭着眼睛走你也不会迷路\n牵着我的手，闭着眼睛走你也不会迷路\n牵着我的手，闭着眼睛走你也不会迷路\n牵着我的手，闭着眼睛走你也不会迷路\n牵着我的手，闭着眼睛走你也不会迷路\n\n牵着我的手，闭着眼睛走你也不会迷路牵着我的手，闭着眼睛走你也不会迷路','牵手','牵着我的手，闭着眼睛走你也不会迷路','20161109/0','20161109/0/4.jpg',1,1,22,125,'2016-10-01 21:25:29',36,'123131232','0000-00-00 00:00:00','',0,0),(100039,0,2,'ttttttt文章标题文章标题文章标bbbbbbb题','文章标题文章标题文章标题文章标题文章标题文章标题','文章标题','文章标题文章标题文章标题文章标题','','',1,1,44,444,'2016-10-16 23:09:00',44,'0','0000-00-00 00:00:00','',0,0),(100040,3,1,'文章标题文章标题','<p align=\"center\"><img src=\"http://img3.tbcdn.cn/tfscom/i2/TB1PduTNVXXXXaLXXXXXXXXXXXX_!!0-item_pic.jpg\" width=\"400\" alt=\"\" />            <a href=\"http://item.taobao.com/item.htm?id=540392296604\" target=\"_blank\"><br /></a></p><p align=\"left\"><a href=\"http://item.taobao.com/item.htm?id=540392296604\" target=\"_blank\">万象花卉个性多肉植物肉肉盆器种肉必备陶瓷盆器卖家最爱随机发货</a> <br /></p><p align=\"right\">&nbsp;价格：2.20 销量：7633                </p>','文章标题文章标题','文章标题文章标题文章标题文章标题文章标题','','',1,1,0,0,'2016-11-08 22:59:31',0,'61487426','2016-11-08 22:59:31','',0,0),(123242342,0,0,'','sdfsdfd','','','','',1,1,0,0,'0000-00-00 00:00:00',0,'dsfsdfsd','0000-00-00 00:00:00','',0,0),(123242343,3,2,'12款时髦加绒打底衫，让你脱掉外套也能光鲜靓丽','<p>几场冷空气连番南下，气温更是直线下降，单一的打底衫已经难以御寒保暖了，怎么办？当然是需要在衣服的厚度和材质上想办法，外套可以是羊绒外套，内搭在原先单薄的基础上加厚加绒。你也许会担心加厚之后的内搭不够时髦，显得臃肿，那就大错特错，现如今内搭可是款款都时髦不简单。</p><p>打底衫更是细节中凸显一个人的品味和气质。秋冬天，在有暖气的房间，脱掉外套，一件美貌的打底衫即可保暖又可惊艳众人是很重要的。</p><p></p><p>打底衫跟裙装裤装，外套的适配性也很重要。这款灰黑色内搭就是低调又内敛的选择，搭配同色系的大衣+稍微有点颜色变化的格子短裙，顿时又增色不少。</p><p>下面小编给你推荐几款款精选加绒打底衫，每一款都带着独特的魅力，穿上身即使脱掉外套也能让你光鲜靓丽，快来一起看看吧。</p><p>娃娃领的蕾丝打底衫，穿上身减龄洋气，点缀珍珠元素的设计，婉约知性。性感的镂空蕾丝加上温暖的加绒设计，穿上身报不安舒适，脱掉外套让你绽放光彩魅力。</p><p></p><a href=\"http://www.srhui.cn/item/go/532916820406\" target=\"_blank\"><img alt=\"蕾丝衫女长袖2016秋冬新款女装百搭修身加绒娃娃领打底衫上衣小衫\" src=\"http://img4.tbcdn.cn/tfscom/i3/2011409096/TB25pEvpFXXXXb_XpXXXXXXXXXX_!!2011409096.jpg\" width=\"600\" /></a><div class=\"fl w pt15 pb15 lh18 clearfix\">            	    <div class=\"fl detail-leftline\">            	    <em class=\"block clf94 fs16\">￥49.90</em>            	    <span class=\"block fs12 cl9\">销售: 9851</span>            	    </div>            	    <a href=\"http://www.srhui.cn/item/go/532916820406\" class=\"fr click-detail\" target=\"_blank\">查看详情</a>            	    </div>            	<br /><p>墨绿色的雪纺打底衫，小立领的设计，点缀闪亮钉珠，层次感十足的领结，既干练又优雅。宽松版型，温暖内里，穿上身柔柔的，暖暖的，展现优雅的女性魅力。</p><a href=\"http://www.srhui.cn/item/go/526495997014\" target=\"_blank\"><img alt=\"轩腾秋冬新款女装加绒雪纺衬衫女士修身显瘦休闲保暖打底衬衣韩范\" src=\"http://img3.tbcdn.cn/tfscom/i3/TB1EoseOXXXXXcEXFXXXXXXXXXX_!!0-item_pic.jpg\" width=\"600\" /></a><div class=\"fl w pt15 pb15 lh18 clearfix\">            	    <div class=\"fl detail-leftline\">            	    <em class=\"block clf94 fs16\">￥39.00</em>            	    <span class=\"block fs12 cl9\">销售: 619</span>            	    </div>            	    <a href=\"http://www.srhui.cn/item/go/526495997014\" class=\"fr click-detail\" target=\"_blank\">查看详情</a>            	    </div>            	<br /><p></p><p>V领设计的打底衫，穿上身超显气质，灰色调，很有高级感。独特的镂空设计加上精致的牛奶绒内里，滑滑的，很舒服。宽松版型，穿上身很修身很显瘦。</p><p><img src=\"http://img1.tbcdn.cn/tfscom/i4/61543822/TB2kfE8XQ6z11Bjy0FoXXbvkpXa_!!61543822.jpg\" alt=\"\" width=\"600\" /></p><div class=\"fl w pt15 pb15 lh18 clearfix\">            	    <div class=\"fl detail-leftline\">            	    <em class=\"block clf94 fs16\">￥148.00</em>            	    <span class=\"block fs12 cl9\">销售: 636</span>            	    </div>            	    <a href=\"http://www.srhui.cn/item/go/538122458826\" class=\"fr click-detail\">查看详情</a>            	    </div>            	<br /><p></p><p>竖条纹装饰的打底衫，带着独特的魅力气质，简约时尚，穿上身落落大方。小立领的设计，显的颈部线条特别优美，女神款式，穿上身很显瘦，精致加绒，暖身暖心。</p><p><br /></p><p>小V领设计的加绒打底衫，基础的简约款式，经典的黑色，百搭好穿。加绒设计，这样的天穿正合适，不用加太多的衣服就很保暖，还不显臃肿，超级显瘦。</p><p><br /></p><p>洋气的酒红色打底衫，简约设计，落肩款式，条纹勾勒，穿出动人的精致锁骨，优雅迷人。宽松版型，上身效果很显瘦。简约设计，大方简洁，绽放婉约知性的温柔气质。</p><p><br /></p><p>这款打底衫就是大写加粗的显瘦，网纱拼接，很有女人味。胸前装饰毛球金属链元素，很有个性，也很优雅，V领露出锁骨和优美颈部曲线，女性魅力尽显，浪漫迷人。</p><p><br /></p><p>这款蕾丝打底衫穿上身很有气质，精致的蕾丝钩花，独特的条纹肌理，修身显瘦，又带着干练清爽的OL气质。简约设计，大方版型，温婉动人的感觉，时髦洋气又减龄。</p><p><br /></p><p>这款洋气的红色打底衫，穿上身青春俏丽，减龄洋气，穿出活力四射的感觉。没有多余的装饰，简简单单做到了极致大方，温暖舒适，修身显瘦，展现曼妙动人的气质和优雅。</p><p><br /></p><p>花瓣高领设计的打底衫，修饰小脸。独特的堆叠设计，腰间自然收起，恰好隐藏腰腹的赘肉，展现楚楚动人小蛮腰的视觉，穿上身保暖有型，优雅迷人。</p><p><br /></p><p>简约圆领的T恤，胸前挖空设计，装饰金属吊坠，个性又时髦。姜黄色调，亮眼吸睛，穿上身很有回头率。加绒设计，温暖舒适，简洁设计，非常大气。</p><p><br /></p><p>这款高领打底衫，穿上身很有淑女气质，简约设计，流畅线条，穿上身很显瘦，精致的烫钻装饰，闪亮吸睛，穿着走哪都有回头率的款式，脱掉外套让你也能光鲜亮丽。 <br /></p><p><br /></p>','打底衫,外套,时髦','几场冷空气连番南下，气温更是直线下降，单一的打底衫已经难以御寒保暖了，怎么办？当然是需要在衣服的厚度和材质上想办法，外套可以是羊绒外套，内搭在原先单薄的基础上加厚加绒。','20161109/0','20161109/0/14787016202388.jpg',1,1,0,2231,'2016-11-23 00:00:07',3333,'83520507','2016-11-23 00:00:07','生日汇',5,17);

/*Table structure for table `sr_article_cate` */

DROP TABLE IF EXISTS `sr_article_cate`;

CREATE TABLE `sr_article_cate` (
  `cateid` int(11) NOT NULL AUTO_INCREMENT COMMENT '分类ID',
  `catename` char(16) NOT NULL DEFAULT '' COMMENT '分类名称',
  `orderid` int(11) NOT NULL DEFAULT '0' COMMENT '排序ID',
  `referid` int(11) DEFAULT NULL COMMENT '上级分类ID',
  `keyword` varchar(200) DEFAULT NULL COMMENT '关键词',
  `description` varchar(500) DEFAULT NULL COMMENT '简介',
  `catedir` varchar(50) DEFAULT NULL COMMENT '栏目目录',
  `parentid` int(11) DEFAULT '0' COMMENT '父ID',
  PRIMARY KEY (`cateid`)
) ENGINE=MyISAM AUTO_INCREMENT=21 DEFAULT CHARSET=utf8 CHECKSUM=1 DELAY_KEY_WRITE=1 ROW_FORMAT=DYNAMIC COMMENT='文章分类表';

/*Data for the table `sr_article_cate` */

insert  into `sr_article_cate`(`cateid`,`catename`,`orderid`,`referid`,`keyword`,`description`,`catedir`,`parentid`) values (1,'策划',1,NULL,'策划','策划','cehua',0),(2,'礼物',1,NULL,'礼物','礼物','liwu',0),(3,'祝福',1,NULL,'祝福','祝福','zhufu',0),(4,'资讯',1,NULL,'明星','明星','mingxing',0),(5,'自己',0,NULL,'自己','自己',NULL,2),(6,'男票',0,NULL,'男票','男票',NULL,2),(7,'女票',0,NULL,'女票','女票',NULL,2),(8,'闺蜜',0,NULL,'闺蜜','闺蜜',NULL,2),(9,'基友',0,NULL,'基友','基友',NULL,2),(10,'父母',0,NULL,'父母','父母',NULL,2),(11,'同事',0,NULL,'同事','同事',NULL,2),(12,'小孩',0,NULL,'小孩','小孩',NULL,2),(13,'美物',0,NULL,'美物','美物',NULL,100),(14,'手工',0,NULL,'手工','手工',NULL,100),(15,'吃货',0,NULL,'吃货','吃货',NULL,100),(16,'萌萌哒',0,NULL,'萌萌哒','萌萌哒',NULL,100),(17,'小清新',0,NULL,'小清新','小清新',NULL,100),(18,'动漫迷',0,NULL,'动漫迷','动漫迷',NULL,100),(19,'科技范',0,NULL,'科技范','科技范',NULL,100);

/*Table structure for table `sr_article_comment` */

DROP TABLE IF EXISTS `sr_article_comment`;

CREATE TABLE `sr_article_comment` (
  `commentid` int(11) NOT NULL AUTO_INCREMENT,
  `articleid` int(11) NOT NULL DEFAULT '0' COMMENT '文章ID',
  `userid` int(11) NOT NULL DEFAULT '0' COMMENT '用户ID',
  `content` text NOT NULL COMMENT '评论内容',
  `addtime` varchar(20) NOT NULL DEFAULT '0' COMMENT '时间',
  `count_love` int(11) NOT NULL DEFAULT '0' COMMENT '喜欢',
  PRIMARY KEY (`commentid`)
) ENGINE=MyISAM AUTO_INCREMENT=3 DEFAULT CHARSET=utf8 COMMENT='文章评论';

/*Data for the table `sr_article_comment` */

insert  into `sr_article_comment`(`commentid`,`articleid`,`userid`,`content`,`addtime`,`count_love`) values (1,100025,8,'好内容，好内容','2016-10-01 21:25:29',0),(2,100025,8,'好内容，好内容2222','2016-10-01 21:25:29',0);

/*Table structure for table `sr_blessing` */

DROP TABLE IF EXISTS `sr_blessing`;

CREATE TABLE `sr_blessing` (
  `blessingid` int(11) NOT NULL AUTO_INCREMENT COMMENT '祝福ID',
  `cateid` int(11) DEFAULT '0' COMMENT '分类ID',
  `content` longtext COMMENT '内容',
  `path` char(32) DEFAULT '' COMMENT '路径',
  `photo` char(32) DEFAULT '' COMMENT '图片路径',
  `isaudit` tinyint(1) DEFAULT '0' COMMENT '是否审核',
  `isrecommend` tinyint(1) DEFAULT '0' COMMENT '是否推荐',
  `count_comment` int(11) DEFAULT '0' COMMENT '统计评论数',
  `count_view` int(11) DEFAULT '0' COMMENT '统计查看',
  `addtime` datetime DEFAULT '0000-00-00 00:00:00' COMMENT '时间',
  `count_love` int(11) DEFAULT '0' COMMENT '赞（真实数据）',
  `count_forward_basenum` int(11) DEFAULT '0' COMMENT '扫二维码(随机数)',
  `count_forward` int(11) DEFAULT '0' COMMENT '扫二维码（真实数据）',
  `updtime` datetime DEFAULT '0000-00-00 00:00:00' COMMENT '修改时间',
  `create_userid` int(11) DEFAULT '0' COMMENT '发布者ID',
  `create_user_name` varchar(30) DEFAULT NULL COMMENT '发布者姓名',
  `count_love_basenum` int(11) DEFAULT '0' COMMENT '赞基数（随机生成数字）',
  `sort` int(11) DEFAULT '0' COMMENT '排序',
  PRIMARY KEY (`blessingid`)
) ENGINE=MyISAM AUTO_INCREMENT=21 DEFAULT CHARSET=utf8 COMMENT='祝福表';

/*Data for the table `sr_blessing` */

insert  into `sr_blessing`(`blessingid`,`cateid`,`content`,`path`,`photo`,`isaudit`,`isrecommend`,`count_comment`,`count_view`,`addtime`,`count_love`,`count_forward_basenum`,`count_forward`,`updtime`,`create_userid`,`create_user_name`,`count_love_basenum`,`sort`) values (12,0,'第三代','','',0,0,0,0,'2016-11-10 00:00:00',0,10,0,'0000-00-00 00:00:00',3,'ekiny',10,10),(11,0,'第三代','','',0,0,0,0,'2016-11-10 00:00:00',0,10,0,'0000-00-00 00:00:00',3,'ekiny',10,10),(10,0,'312321312312312','','',1,1,0,0,'2016-11-10 00:00:00',0,10,0,'0000-00-00 00:00:00',3,'ekiny',10,10),(13,0,'第三代','','',0,0,0,0,'2016-11-10 00:00:00',0,10,0,'0000-00-00 00:00:00',3,'ekiny',10,10),(14,0,'哈哈','','',0,0,0,0,'2016-11-10 01:57:09',0,0,0,'0000-00-00 00:00:00',3,'ekiny',0,0),(15,0,'你好','','',0,0,0,0,'2016-11-10 01:57:09',0,0,0,'0000-00-00 00:00:00',3,'ekiny',0,0),(16,4,'UIUI偶偶i。','','',0,1,0,0,'2016-11-10 02:00:59',0,0,0,'0000-00-00 00:00:00',3,'ekiny',0,0),(17,0,'','','',0,0,0,0,'2016-11-10 02:03:19',0,0,0,'0000-00-00 00:00:00',3,'ekiny',0,0),(18,0,'发大水','','',0,0,0,0,'2016-11-10 02:14:35',0,0,0,'0000-00-00 00:00:00',3,'ekiny',0,0),(19,0,'发大水','','',1,0,0,0,'2016-11-10 02:25:11',0,0,0,'0000-00-00 00:00:00',3,'ekiny',0,0),(20,0,'发大水','','',1,0,0,0,'2016-11-10 02:25:18',0,12121,0,'0000-00-00 00:00:00',3,'ekiny',0,0);

/*Table structure for table `sr_gift_article` */

DROP TABLE IF EXISTS `sr_gift_article`;

CREATE TABLE `sr_gift_article` (
  `articleid` int(11) NOT NULL AUTO_INCREMENT COMMENT '礼物文章ID',
  `userid` int(11) NOT NULL DEFAULT '0' COMMENT '用户ID',
  `cateid` int(11) NOT NULL DEFAULT '0' COMMENT '分类ID',
  `title` char(64) NOT NULL DEFAULT '' COMMENT '标题',
  `content` longtext NOT NULL COMMENT '内容',
  `keyword` varchar(128) NOT NULL DEFAULT '' COMMENT '标签',
  `description` varchar(128) NOT NULL DEFAULT '' COMMENT '内容概要',
  `path` char(32) NOT NULL DEFAULT '' COMMENT '路径',
  `photo` char(32) NOT NULL DEFAULT '' COMMENT '图片路径',
  `isaudit` tinyint(1) NOT NULL DEFAULT '0' COMMENT '是否审核',
  `isrecommend` tinyint(1) NOT NULL DEFAULT '0' COMMENT '是否推荐',
  `count_comment` int(11) NOT NULL DEFAULT '0' COMMENT '统计评论数',
  `count_view` int(11) NOT NULL DEFAULT '0' COMMENT '统计查看',
  `addtime` datetime NOT NULL DEFAULT '0000-00-00 00:00:00' COMMENT '时间',
  `count_love` int(11) NOT NULL DEFAULT '0' COMMENT '喜欢',
  `randid` varchar(20) DEFAULT NULL COMMENT '随机文件名称',
  `updtime` datetime NOT NULL DEFAULT '0000-00-00 00:00:00',
  PRIMARY KEY (`articleid`),
  UNIQUE KEY `title_2` (`title`),
  KEY `addtime` (`addtime`),
  KEY `cateid` (`cateid`),
  KEY `isrecommend` (`isrecommend`),
  KEY `count_recommend` (`addtime`),
  KEY `title` (`title`),
  KEY `count_view` (`count_view`),
  KEY `count_view_2` (`count_view`,`addtime`),
  KEY `tags` (`keyword`,`isaudit`)
) ENGINE=MyISAM AUTO_INCREMENT=100041 DEFAULT CHARSET=utf8 CHECKSUM=1 DELAY_KEY_WRITE=1 ROW_FORMAT=DYNAMIC COMMENT='文章表';

/*Data for the table `sr_gift_article` */

insert  into `sr_gift_article`(`articleid`,`userid`,`cateid`,`title`,`content`,`keyword`,`description`,`path`,`photo`,`isaudit`,`isrecommend`,`count_comment`,`count_view`,`addtime`,`count_love`,`randid`,`updtime`) values (100040,8,1,'顶替 顶替村玩具一','顶替天天\r\n顶替\r\n睚\r\n城上博士',' 霜霜','天天','','',0,2,3,4,'0000-00-00 00:00:00',0,NULL,'0000-00-00 00:00:00');

/*Table structure for table `sr_gitf` */

DROP TABLE IF EXISTS `sr_gitf`;

CREATE TABLE `sr_gitf` (
  `giftid` int(11) NOT NULL AUTO_INCREMENT,
  `title` varchar(50) NOT NULL COMMENT '标题',
  `content` varchar(2000) DEFAULT NULL COMMENT '内容',
  `price` varchar(10) DEFAULT NULL COMMENT '价格',
  `image` varchar(50) DEFAULT NULL COMMENT '图片',
  `volume` int(11) DEFAULT NULL COMMENT '销量',
  `num_iid` int(11) DEFAULT NULL COMMENT '淘宝商品ID',
  `small_images` varchar(1000) DEFAULT NULL COMMENT '商品图片',
  `articleid` int(11) DEFAULT NULL COMMENT '礼物文章ID',
  `addtime` varchar(20) DEFAULT NULL COMMENT '时间',
  PRIMARY KEY (`giftid`)
) ENGINE=MyISAM DEFAULT CHARSET=utf8;

/*Data for the table `sr_gitf` */

/*Table structure for table `sr_group` */

DROP TABLE IF EXISTS `sr_group`;

CREATE TABLE `sr_group` (
  `groupid` int(11) NOT NULL AUTO_INCREMENT COMMENT '小组ID',
  `userid` int(11) NOT NULL DEFAULT '0' COMMENT '用户ID',
  `cateid` int(11) NOT NULL DEFAULT '0' COMMENT '分类ID',
  `groupname` char(32) NOT NULL DEFAULT '' COMMENT '群组名字',
  `groupdesc` text NOT NULL COMMENT '小组介绍',
  `path` char(32) NOT NULL DEFAULT '' COMMENT '图标路径',
  `photo` char(32) NOT NULL DEFAULT '' COMMENT '小组图标',
  `count_topic` int(11) NOT NULL DEFAULT '0' COMMENT '帖子统计',
  `count_topic_today` int(11) NOT NULL DEFAULT '0' COMMENT '统计今天发帖',
  `count_user` int(11) NOT NULL DEFAULT '0' COMMENT '小组成员数',
  `count_topic_audit` int(11) NOT NULL DEFAULT '0' COMMENT '统计未审核帖子数',
  `role_leader` char(32) NOT NULL DEFAULT '组长' COMMENT '组长角色名称',
  `role_admin` char(32) NOT NULL DEFAULT '管理员' COMMENT '管理员角色名称',
  `role_user` char(32) NOT NULL DEFAULT '成员' COMMENT '成员角色名称',
  `addtime` int(11) DEFAULT '0' COMMENT '创建时间',
  `isrecommend` tinyint(1) NOT NULL DEFAULT '0' COMMENT '是否推荐',
  `isopen` tinyint(1) NOT NULL DEFAULT '0' COMMENT '是否公开或者私密',
  `isaudit` tinyint(1) NOT NULL DEFAULT '0' COMMENT '是否审核',
  `ispost` tinyint(1) NOT NULL DEFAULT '0' COMMENT '是否允许会员发帖',
  `isshow` tinyint(1) NOT NULL DEFAULT '0' COMMENT '是否显示',
  `ispostaudit` tinyint(1) NOT NULL DEFAULT '0' COMMENT '是否发帖审核',
  `uptime` int(11) NOT NULL DEFAULT '0' COMMENT '最后更新时间',
  `randname` varchar(30) NOT NULL DEFAULT '' COMMENT '随机文件名',
  `content` text COMMENT '内容',
  `seotitle` varchar(100) DEFAULT '' COMMENT 'SEO标题',
  PRIMARY KEY (`groupid`),
  KEY `userid` (`userid`),
  KEY `isshow` (`isshow`),
  KEY `groupname` (`groupname`),
  KEY `cateid` (`cateid`),
  KEY `isaudit` (`isaudit`),
  KEY `addtime` (`addtime`),
  KEY `isrecommend` (`isrecommend`)
) ENGINE=MyISAM AUTO_INCREMENT=2 DEFAULT CHARSET=utf8 CHECKSUM=1 DELAY_KEY_WRITE=1 ROW_FORMAT=DYNAMIC COMMENT='圈子';

/*Data for the table `sr_group` */

insert  into `sr_group`(`groupid`,`userid`,`cateid`,`groupname`,`groupdesc`,`path`,`photo`,`count_topic`,`count_topic_today`,`count_user`,`count_topic_audit`,`role_leader`,`role_admin`,`role_user`,`addtime`,`isrecommend`,`isopen`,`isaudit`,`ispost`,`isshow`,`ispostaudit`,`uptime`,`randname`,`content`,`seotitle`) values (1,1,1,'生日愿望','如果你是程序员，或者有一颗喜欢写程序的心，喜欢分享技术干货、项目经验、程序员日常囧事等等，欢迎投稿《程序员》专题。','0/0','0/0/2.jpg',2311,234,567,0,'组长','管理员','成员',2016,1,1,0,0,1,0,2016,'zhufu','如果你是程序员，或者有一颗喜欢写程序的心，喜欢分享技术干货、项目经验、程序员日常囧事等等，欢迎投稿《程序员》专题。\r\n如果你是程序员，或者有一颗喜欢写程序的心，喜欢分享技术干货、项目经验、程序员日常囧事等等，欢迎投稿《程序员》专题。\n如果你是程序员，或者有一颗喜欢写程序的心，喜欢分享技术干货、项目经验、程序员日常囧事等等，欢迎投稿《程序员》专题。\n\n如果你是程序员，或者有一颗喜欢写程序的心，喜欢分享技术干货、项目经验、程序员日常囧事等等，欢迎投稿《程序员》专题。\n\n如果你是程序员，或者有一颗喜欢写程序的心，喜欢分享技术干货、项目经验、程序员日常囧事等等，欢迎投稿《程序员》专题。\n\n如果你是程序员，或者有一颗喜欢写程序的心，喜欢分享技术干货、项目经验、程序员日常囧事等等，欢迎投稿《程序员》专题。','生日愿望,生日许愿');

/*Table structure for table `sr_group_cate` */

DROP TABLE IF EXISTS `sr_group_cate`;

CREATE TABLE `sr_group_cate` (
  `cateid` int(11) NOT NULL AUTO_INCREMENT COMMENT '分类ID',
  `catename` char(32) NOT NULL DEFAULT '' COMMENT '分类名字',
  `count_group` int(11) NOT NULL DEFAULT '0' COMMENT '群组个数',
  `uptime` int(11) NOT NULL DEFAULT '0' COMMENT '最后更新时间',
  `keyword` varchar(200) DEFAULT NULL COMMENT '关键词',
  `description` varchar(500) DEFAULT NULL COMMENT '说明',
  PRIMARY KEY (`cateid`)
) ENGINE=MyISAM DEFAULT CHARSET=utf8 CHECKSUM=1 DELAY_KEY_WRITE=1 ROW_FORMAT=DYNAMIC COMMENT='圈子分类表';

/*Data for the table `sr_group_cate` */

/*Table structure for table `sr_group_topic` */

DROP TABLE IF EXISTS `sr_group_topic`;

CREATE TABLE `sr_group_topic` (
  `topicid` int(11) NOT NULL AUTO_INCREMENT COMMENT '话题ID',
  `groupid` int(11) NOT NULL DEFAULT '0' COMMENT '小组ID',
  `userid` int(11) NOT NULL DEFAULT '0' COMMENT '用户ID',
  `title` char(64) NOT NULL DEFAULT '' COMMENT '帖子标题',
  `content` longtext NOT NULL COMMENT '帖子内容',
  `count_comment` int(11) NOT NULL DEFAULT '0' COMMENT '回复统计',
  `count_view` int(11) NOT NULL DEFAULT '0' COMMENT '帖子展示数',
  `count_love` int(11) NOT NULL DEFAULT '0' COMMENT '喜欢数',
  `istop` tinyint(1) NOT NULL DEFAULT '0' COMMENT '是否置顶',
  `isclose` int(4) NOT NULL DEFAULT '0' COMMENT '是否关闭帖子',
  `iscomment` tinyint(1) NOT NULL DEFAULT '0' COMMENT '是否允许评论',
  `isposts` tinyint(1) NOT NULL DEFAULT '0' COMMENT '是否精华帖子',
  `isaudit` tinyint(1) NOT NULL DEFAULT '0' COMMENT '0不审核1审核',
  `isdelete` tinyint(1) NOT NULL DEFAULT '0' COMMENT '0不删除1删除',
  `isrecommend` tinyint(1) NOT NULL DEFAULT '0' COMMENT '1为推荐',
  `addtime` int(11) DEFAULT '0' COMMENT '创建时间',
  `uptime` int(11) NOT NULL DEFAULT '0' COMMENT '更新时间',
  PRIMARY KEY (`topicid`),
  KEY `groupid` (`groupid`),
  KEY `userid` (`userid`),
  KEY `title` (`title`),
  KEY `groupid_2` (`groupid`),
  KEY `addtime` (`addtime`),
  KEY `count_comment` (`count_comment`),
  KEY `count_view` (`count_view`),
  KEY `count_love` (`count_love`),
  KEY `count_view_2` (`count_view`,`addtime`),
  KEY `isshow` (`isaudit`,`uptime`)
) ENGINE=MyISAM AUTO_INCREMENT=1000022 DEFAULT CHARSET=utf8 CHECKSUM=1 DELAY_KEY_WRITE=1 ROW_FORMAT=DYNAMIC COMMENT='圈子话题';

/*Data for the table `sr_group_topic` */

insert  into `sr_group_topic`(`topicid`,`groupid`,`userid`,`title`,`content`,`count_comment`,`count_view`,`count_love`,`istop`,`isclose`,`iscomment`,`isposts`,`isaudit`,`isdelete`,`isrecommend`,`addtime`,`uptime`) values (1000021,1,8,'亲爱的肖恩','<div class=\"show-content\"><p>BY 阿猫</p><p>&#65279;</p><div class=\"image-package imagebubble\" widget=\"ImageBubble\">\r\n<img src=\"http://upload-images.jianshu.io/upload_images/2840634-ba0cc10b0216810c.jpeg\" data-original-src=\"http://upload-images.jianshu.io/upload_images/2840634-ba0cc10b0216810c.jpeg?imageMogr2/auto-orient/strip%7CimageView2/2/w/720/q/100\" class=\"imagebubble-image\"><br><div class=\"image-caption\"></div>\r\n</div><p>我必须是你近旁的一株木棉</p><p>作为树的形象和你站在一起</p><p><br></p><p>1.<br></p><p>我收到了一个未显示名字的熟悉号码从遥远的利物浦发来的中文短信，非常简单的一句话&mdash;&mdash;里妹，我下周到成都。</p><p>我还收到了一个精美的大纸盒，里面是一片洁白。我怔怔地看着镜子里穿上他寄来的婚纱的自己，眼泪再也绷不住。</p><p><br></p><p>2.</p><p>我以前的同学们都说Sean像个阳光少年，事实上他确实比我小3个月。要说我俩是怎么成为好朋友的，大概是慢慢相处。</p><p>Sean是英国人。我们在北京念书的时候，他总是想学中文，嚷着要我教他。我是成都人，四川话说惯了，平时不经意间蹦出来一句能让他学好久。除了“你好”“谢谢”这类常用语，Sean会说的第一句中文是川音浓重的“里妹儿”，我的名字。</p><p>我主修西班牙语，英语也说得溜，Sean很喜欢跟我交流。后来我们常常相处，一起去看偶像的演唱会，一起穿过南锣鼓巷，一起站在天安门广场对着国旗傻乎乎地敬礼。同学都说我们的日常有意思得很，一个说着标准好听的英文，一个说着俏皮的四川话。</p><p>毕业的时候Sean问我有什么打算，我说回成都干正事，他坐在我对面咬着奶茶吸管，笑得人畜无害、百花黯然。</p><p>我踢了他一脚，一瞬间毕业离愁被他一扫而空。有什么好笑的，我说。</p><p>不知道，大概是总算不用再见着你了。他回答。</p><p>我又问他，那你干啥子去？</p><p>不晓得哇。他学着我的腔调蹦出这么一句口音纯正的四川话，并且预料到我会再踢他一脚自觉地将腿退后。</p><p>要离开的那天我收拾好行李，Sean送我到机场。我记得我当时走得很慢，他走一段就回头来等我。</p><p>快点嘛，你在搞啥子。他走在前面，说着一口蹩脚的川普，还带着伦敦腔。</p><p>我实在有点受不了一个金发碧眼的俊俏哥子张嘴是莫名其妙的四川口音。我不理他，只是说，登机还早你干嘛急着送我走。</p><p>他开口还是插科打诨，说，因为我饿了，送完你要去吃早饭。</p><p>虽然Sean只比我小3个月，但我感觉就是跟一个未成年小孩相处，那时终于明白为什么好多女孩是大叔控。</p><p><br></p><p>3.</p><p>走了啊。临别时我对他说这么一句，转身后一直没回头。</p><p>其实我有很多问题想问他，比如庸俗一点的“你会不会想我”之类。</p><p>飞机上的两三个小时，我脑海里只有一句话&mdash;&mdash;小孩儿，再见。</p><p>抵达双流机场时我找了个小饭馆吃饭，那天恰巧那儿在下雨。我嘴里还含着一口汤，抬头就看见Sean打着一把骚包的蓝色透明雨伞，隔着一张玻璃墙冲我笑。</p><p>我真的是第一次那么仔细地看着他。淅淅沥沥的雨挡着我的视线，他在一片氤氲中温和灿烂，好得不真实。背后行色匆匆的人群不肯在雨下多停留片刻，整个世界只有他站在雨里笑。</p><p>我的大脑空白了一阵，随即臆想着他会对我说怎样的一句话，比如“好巧啊，我也来成都诶”。最后才冲出去，没给他打招呼的机会，一下子抱住他，哭得像个傻子。</p><p>Sean没想到我会是这样的反应，大概有点慌了，过了好久才用英文说了一句“别哭啊，这么多人呢。”</p><p>之后我问他到哪儿去，既然来成都应该是收到了公司offer吧。我们坐着计程车，窗外的风景飞速倒退，Sean特别认真地看着我，问，你怎么就不相信我是为你来的呢？</p><p>接下来他到处投简历的日子，让我彻彻底底地信了这句话。</p><p>后来我们都找到了工作。我在一家公司做翻译，他就在附近一所重点高中做外语老师，课不多，工作还算轻松。有次周五Sean送我回家，依旧是那副嬉皮笑脸的模样，说：“里妹儿，让我见见你家人。”</p><p>我一边感叹他的直白，一边想着怎样把他介绍给我妈。我生活在单亲家庭，母女俩相依为命，所以念完大学才急着回来生活，实在是太想我妈了。</p><p>按中国人习俗哪怕作为朋友初次上门见家长也是不应空手的，我买了一箱水果让他抱着，深怕我妈对他印象不好。其实我也不知道我究竟在担心什么。</p><p>Sean说中文不太流利，但听的话几乎句句能懂，做教师之后中文更是突飞猛进，跟我妈交流几乎没什么障碍。母亲很喜欢他，送走他之后她问我：“里子，那个娃儿是不是男朋友哟？”</p><p>我一下子答不上来，扭扭捏捏说了句不是。</p><p><br></p><p>4.</p><p>当天晚上Sean给我发了一条短信，小心翼翼地问：你妈妈喜不喜欢我？</p><p>我笑道：不喜欢。</p><p>他像是真的急了，问我该怎么办。</p><p>“什么怎么办？”我回复他。</p><p>“我俩结婚不被你妈妈祝福啊。”</p><p>屏幕那头正在喝水的我看到这句猛然呛住，咳了老久。</p><p>我打趣道：你是在求婚吗？</p><p>他发了一个大笑的表情，说算是吧。</p><p>可我们还没交往呢。我回复道。</p><p>那就当我是在表白好了。他说。</p><p>我怔怔地盯着屏幕，良久没有动静。那边又发来一条：吓傻了？</p><p>我说：没有，咱们交往吧。</p><p>他又说回了最初的问题：你妈妈喜不喜欢我？</p><p>我一个字一个字地打过去：很喜欢。</p><p><br></p><p>5.</p><p>确认关系后的第一次工作日送我回家，两个人牵着手在我家楼下的街区一直转，直到夜幕降下，天空晴朗无云，满目繁星。他送我到门口，关上门后我从猫眼目送他离开。</p><p>在一起之后我们的生活没有想象中浪漫，Sean悄无声息的改变我看在眼里。他突然不满足于还过得去的五六千教师工资，课后在网上做英语培训。我看他这样也兼职了几个业余的翻译工作，时不时笑他：“Sean，就算我们在一起了，我也会自己养活自己的，你不用那么拼。”</p><p>他的回答出乎意料，说：“不是怕你花钱，是想早点给你个像样的家。”</p><p>那一瞬间我真的觉得，就是他了。</p><p>我们像是提前进入了婚姻阶段，不再旅游挥霍，不再频繁流连于电影院，也不再借着打牙祭的理由大吃大喝。</p><p>他开始频繁地来我家，自己偷学厨艺，再做菜讨母亲开心。他的外衣口袋随时揣着一个小本子，上面写满了他学来的四川话。他向我打听母亲的所有喜好，我失笑：“我不是说过我妈很喜欢你吗？”他还是一副玩世不恭的模样，笑道：“你妈妈很漂亮，我想跟你们一家子谈恋爱。”</p><p>我佯装生气：“那好啊，我就找一个比我妈大的叔谈恋爱。”说完拔腿就跑，回头冲他做鬼脸。</p><p>“里妹你站住！”他在后面追，脚下踩着一层薄薄的积雪。</p><p>我们在空无一人的街道跑来跑去，像两个玩追逐游戏的孩子。Sean抓住我，两人都气喘吁吁，呼着热气。他唇角一勾，说道：“Kissy Catch.”</p><p>那年的成都难得地下了雪，绵绵轻缓地落在我们的大衣上，落在我们的头发上，像染成了素净的老年人的衣裳，像染成了柔软的白发，就像我们度过一年又一年，相依相偎。<br></p><p><br></p><p>6.</p><p>Sean突然想带我去英国。</p><p>我当然紧张，见公婆在我们的生活中是头等大事，我反复问他穿哪件衣服好看，反复确定应当说什么话。</p><p>成都飞往伦敦的航班到达遥远温和的大不列颠，希斯罗机场下着绵绵细雨。Sean紧紧握住我的手穿过人潮，撑着一把伞转过头来对我笑。</p><p>仿佛回到了双流机场的雨天。</p><p>我比以往的任何时刻都紧张，手心汗涔涔。Sean握着我的手揣在他的大衣衣兜里，为我介绍每一位家庭成员。</p><p>他的家明朗温暖，父母十分健谈，有一个年纪稍长的哥哥，一个鬼马精灵的妹妹。家里的花园姹紫嫣红，偶尔的阳光洒在花草上，映得整个房子生气勃勃。我住在他家里，平常家里人很少团聚，我只能和他的妹妹多说些话。</p><p>小姑娘翻出他们的家庭相册，给我看小时候圆滚滚的Sean。</p><p>我很羡慕他，有这样一个和睦的家，兄妹三人从相互打架追逐到如今玩笑不断。父母为他们准备早餐送他们去学校，到如今感叹一家人能相聚真是好。而我的成长与他的大相径庭，父亲英年早逝，在母亲的照料下孤独地成长，像阴暗潮湿的墙角钻出的杂草，而他是阳光与雨露下盛放的灿烂的花。</p><p>他笑起来总是一副天地不怕的模样，眉梢眼角碧波万顷，毫不顾忌，那是真正的自信与朝气。</p><p>一个总算告别阴雨绵绵的夜，Sean拉着我出去散步。满大街繁华的霓虹灯，伦敦眼在不远处闪耀，对于这一段我的记忆并不十分清晰，只记得感觉太不真实。</p><p>“里妹儿，”他突然叫我，“你说我们的婚礼是要中式还是西式？”</p><p>“有点难选……都挺好的。”我说。</p><p>“那就都办吧。”Sean仍旧笑得灿烂。</p><p>“傻瓜，”我翻了个白眼，“那得花多少钱啊。”</p><p>他摸我的头，说：“没关系，大不了咱们晚点结婚，无论如何都要风风光光地把你娶进门。”</p><p>我没说话，过了好一会儿才回答：“不管早晚都只办一场。西式的好了，在绿草如茵的室外，花环，婚纱，神父，蓝天白云，多好。”</p><p>“最好的不应该是我在身边吗？”</p><p>我撇撇嘴表示不屑。</p><p>心里却想，最好的一定是你在身边。</p><p><br></p><p>7.</p><p>回到成都的时候和Sean满大街乱逛，两个人牵着手好像就能走一辈子。</p><p>春熙路一年四季随时人潮拥挤，我们淹没在人海里，漫无目的地走来走去。</p><p>“诶你看，”我指着路边罩在玻璃箱里的婚纱，“多好看啊。”</p><p>“是啊，”Sean一反常态地沉默安静，他轻声问，“我将来要是拿这当聘礼，你嫁不？”</p><p>“不嫁！”我笑，“不够。”</p><p>其实哪里需要，我不要房不要车，不要华丽的婚礼，不要殷实的存折，只要新郎是他，我就嫁。</p><p>从英国回来之后，我们两人不约而同地更加拼命，恨不能没日没夜地工作赚钱。偶尔我们工作完简略地约会后，我就住在他窄窄的教师公寓里，我们相拥而眠，窗外的月光透过厚重的布帘的缝隙清清凉凉地洒在我们身上。</p><p>“小孩儿，我们婚后买张大点儿的床。”我的头埋在他胸口，在寂静的深夜悄悄说。</p><p>他还没睡着，说：“好。”</p><p>我叫着小孩儿的人慢慢长大了，他开始有一个男人的担当和责任感，他不再是那个温润如玉的少年，却摇身一变成为顶天立地的男子汉，成为我生命中即使没有七彩祥云也能带我走的大英雄。</p><p>我俩25岁的这年冬天，我和Sean吵了一架。原因非常简单，他病了一场，我去医院照顾他，并且付了医药费。虽然只是几百块钱，Sean却死活不要我给。</p><p>在这里的传统观念里，依照我们的关系，他不肯收是见外，而他却认为我瞧不起他。其实我明白他不是这样火气大的人，他实在承受着太大压力。在这边工作生活并不容易，他已经为我坚持了好几年。加上我们观念本就不同，而我从未考虑他的感受，却是他一直在借着入乡随俗的理由迁就我。</p><p>夜晚我们并肩走在街道旁，昏黄的路灯将两人的影子拉得很长。我轻握着他手上因为输液肿起来的一块，低着头像认错的孩子：“我们别吵了。”</p><p>“里妹儿，”他的语气不如以往生动，“我朋友想我帮他公司做影视策划。”</p><p>“在哪儿？”</p><p>“利物浦。”</p><p>我听到这句心跳霎时停了一拍，随即继续问道：“那你是怎么想的？”</p><p>“……我不清楚。”他的声音沉沉的，略带沙哑疲惫。</p><p>我本来想说，咱们最近几年都存了好多钱了，可以交房子的首付，或者咱们先买车也行，反正结婚是够用了，咱们以后还可以一直挣啊，反正我可以养活自己的。</p><p>话到嘴边却成了&mdash;&mdash;“去吧。”</p><p>我已经把这个优秀的男人捆在身边太久，用爱情的名义让他不得逃脱，其实他本应有更好的未来。他如今做的工作将他学过的专业知识抛在九霄云外，我一直都是亏心不安的，怕他有天还是要张开翅膀飞远，我没想到这天到来时自己会如此镇定，如同在心里已经演示过上百遍。</p><p>“走了啊。”我送他到机场，他拿着行李，静静地看着我。我俩一如从前，谁也没问“你会不会想我”，这个问题最简单，却也最温暖。</p><p>冬日的成都刮着寒风，他站在我对面，依然高大俊朗，说：“里妹儿，等我有能力养你的时候，一定回来娶你。”</p><p>冷风吹得眼镜又干又涩，他把大衣脱下来披在我身上再转身登机，我到底是没等到他的回眸。</p><p>只是我也知道很多人是这样，四年前我和他分离时我没回头，是因为转身已经泪流。</p><p>回家后我一坐在昏暗的房间里，没有开灯，将他的大衣死死搂在怀里。我下意识地将手往大衣口袋放，突然触到里面的一丝冰凉。摸出来看，是一枚格外耀眼的钻戒。</p><p>压抑了一整天的情绪突然崩溃瓦解。</p><p><br></p><p>8.</p><p>每天下班后我们都要电话或视频。本来刚开始只是觉得人分开了而已，而时间一长，越发感受到我们之间被偷走的7个小时不断提醒我们生活在两个世界。</p><p>他在新环境工作如鱼得水一帆风顺，脸上的笑容逐渐多起来，让我想起多年前那个插科打诨的小孩儿。也是，那里才是他的家。</p><p>我们依旧无话不说，可渐渐的也变得无话可说。</p><p>我想告诉他宽窄巷子里有表演川剧变脸的，比我们以前看的喷火还有意思，他却不知道变脸到底是什么样子，究竟是变表情还是变脸谱？最终还得灰溜溜地上网去搜。</p><p>他想告诉我朋友写的广告策划案有多好笑，可我不知道他说的是哪个朋友，也不知道他所说的策划案到底是哪个方面的。</p><p>我想缓解气氛给他听歌，他说这歌手唱歌挺好听的，我说是啊我现在很喜欢这个歌手，每首歌我都听。他却说怎么没有印象，我只能笑，说是最近才火的。</p><p>我早晨起来对他说晚安，他说自己高烧好几天了，我却只能隔着屏幕叫他去看医生。</p><p>我本来以为我们认识了这么久，走过了风风雨雨，捱过了那么多繁枝细节的琐事，就算是暂时分开，挺一挺再坚持几年就会过去的，可是这坚持比我想象中困难太多。</p><p>我们就这样硬撑着过了一年多，直到有一回我在公司和上司闹翻了，决定辞职。电话时一直闷着，他问我怎么了，我不愿意说，不想他知道我受了委屈。最后只能哽咽着哀求：“小孩儿，你别问了。”</p><p>第二天早上九点，他那边已经是半夜两点，Sean突然发信息给我。</p><p>“舒里，”他第一次这样郑重地叫我的名字，“我们分手吧。”<br></p><p>我还沉浸在失业的焦虑中，迷迷糊糊地打过去，问他怎么了。</p><p>“没怎么，是真的。”Sean的声音是前所未有的沙哑低缓，像是抽了很多烟。</p><p>“你在说什么？”我难以置信。</p><p>他重复了一遍，字字沉重，掷地有声。</p><p>“我们分手吧。”</p><p>我坐在床上，蓬头垢面，两人分别在一个大陆的两头沉默着。</p><p>还是他败下阵来先开口：“里妹，别再跟着我受苦了。”</p><p>“好。”我不断地流泪，点头答应。</p><p>这样的苦日子我实在熬不下去了，我也不想他被我禁锢着。年轻时的爱情是爱情，却终究不能称之为婚姻。</p><p>“以后要照顾好自己，不要总是熬夜。”</p><p>“好。”</p><p>“别那么拼命工作，你在同龄人中算是很富裕了。”</p><p>“好。”</p><p>“以后找个好男人嫁了吧，别想起我。”</p><p>“好。”</p><p>……</p><p>我们都没有挂电话，直到手机孜孜不倦地提醒我没电了。</p><p>“小孩儿，我们以后不要再联系了。”</p><p>“……好。”</p><p>挂掉电话后我拿起一直放在床头的戒指，小心翼翼地戴在中指上，本来一直想他回来时亲手为我戴上，现在是等不到了。</p><p>我不知道有多少人经历过那样的撕心裂肺，蒙着被子哭得肝肠寸断。</p><p>我们曾同声欢笑，共饮苦悲；</p><p>我们曾海誓山盟，心照不宣。</p><p>我们曾并肩跨过山川湖海；</p><p>我们曾携手路过草木繁花。</p><p>我们曾对着星空许愿；</p><p>我们曾顶着明月漫步。</p><p>我们的未来，曾经那样美好。</p><p><br></p><p>9.</p><p>我哭着删除了Sean所有的联系方式。</p><p>其实删了有什么用，这世界上每天有无数人删掉一个已烂熟于心的号码。</p><p>我到最后也还是没有看清，我们分手究竟是因为爱还是因为距离，更或者是因为钱。</p><p>我们过上了互不相干的日子。</p><p>有段时间我堕落得很，酗酒成瘾，一个人深夜在外晃荡。</p><p>我走过我们爱去的那个烧烤摊，老板还记得我的名字；我走过他从前教书的校园，我和他就曾在三楼的小床上紧紧相拥；我走过当年绵延的街道，可是他走后，成都再没下过雪。</p><p>有时假期，我独自在春熙路排排徊徊，路过当年的婚纱店时，就在门口傻站着，凝视着最美的那件。他当时问我如果这是聘礼嫁不嫁。</p><p>我到如今的答案还是未变，只要新郎是他，我就嫁。</p><p>只有新郎是他，我才嫁。</p><p>我在熙熙攘攘的人群中看见一个背影，很像他，我冲过去却再也看不见了。我终于发现我所生活的世界已不再拥有他。</p><p>唯一与他有关联的联系人是他的妹妹，我们有一搭没一搭地聊天，就这样过了将近两年。一天姑娘突然问我谈恋爱没有。</p><p>我说没有。她便接着说：“我哥也没有，但他要结婚了。”</p><p>“和一个中国女孩，一方面为了利益，我想另一方面是因为你。”</p><p>我怔怔地看着屏幕上的这句话，哑口无言。</p><p>不久我就收到了Sean的短信，还有寄来的婚纱，正是我们曾驻足惊叹的那一件。</p><p>我打开来，里面有一封婚礼邀请函，端正地写着他和一个陌生女孩的名字。邀请函里夹着一张信纸，工整的只有三个字：对不起。</p><p>我穿着婚纱在房间里呆坐一天，直到夜幕降临，痛哭失声。</p><p>我知道成都离利物浦有多远，七八千公里在我们之间，途中的高原、山脉、平原、盆地，都悄无声息地瓦解着我们度过的每一年。</p><p>我也知道距离一场婚礼有多远，二十几公里，开车要一个小时，只是里面的人远得我拥有不得。我只能坐在亲友席里，为他们鼓掌、微笑、祝福。</p><p>我做不到。</p><p><br></p><p>10.</p><p>“舒里，我们分手吧。”</p><p>“里妹儿，等我有能力养你的时候，一定回来娶你。”</p><p>“我拿婚纱当聘礼，你嫁吗？”</p><p>“你妈妈喜欢吃什么味道的？”</p><p>“不是怕你花钱，是想早点给你个像样的家。”<br></p><p>“别哭啊，这么多人呢。”</p><p>“五星红旗升起来了，咱俩敬个礼吧。”</p><p>“很高兴认识你，我是外文社的Sean。”</p><p>他的声音在脑海此起彼伏地响起，最后停留在那句“最好的不应该是我在身边吗”。</p><p>我要你在我身边，我的新郎。</p><p>我没有勇气参加他的婚礼，看着他跟一个陌生人步入新的人生。我却有勇气穿上他寄给我的婚纱，撕掉写着“对不起”的信纸，自己开车到他的婚礼现场。</p><p>“肖恩先生，你愿意……”</p><p>“Sean！”我大声喊他的名字，打断神父的讲话。</p><p>我们隔着一段距离对望，他仍旧那样俊朗，只是精神看起来不如从前。他的眼窝深陷，眼圈浓重，手指上还未摘下订婚戒指。</p><p>和我手上的一模一样。</p><p>我朝他飞奔过去，头纱和裙摆飞舞起来，宛如乘着风，踩着朝阳。</p><p>我闯进绿草如茵的婚礼现场，踏过绵延到他脚下的红毯，穿过南锣鼓巷的欢笑，穿过春熙路的相依，穿过第一次拥抱的淅淅沥沥的雨天，穿过第一次牵手的星辰漫天的夜，穿过第一次亲吻的小雪飘舞的冬日，来到他面前。</p><p>亲爱的Sean，你愿意娶我吗？<br></p><p><br></p><p>我笑着朝他伸出手：“小孩儿，跟我走。”</p><p>&#65279;&#65279;</p><p>&#65279;</p><p>&#65279;</p><div class=\"image-package imagebubble\" widget=\"ImageBubble\">\r\n<img src=\"http://upload-images.jianshu.io/upload_images/2840634-9f3d0513198b20c9.jpg?imageMogr2/auto-orient/strip%7CimageView2/2/w/720/q/100\" data-original-src=\"http://upload-images.jianshu.io/upload_images/2840634-9f3d0513198b20c9.jpg?imageMogr2/auto-orient/strip%7CimageView2/2/w/720/q/100\" class=\"imagebubble-image\"><br><div class=\"image-caption\"></div>\r\n</div></div>\r\n\r\n\r\n<p style=\"text-align: center\">子昂〖骑士&hearts;原创〗逗逗</p>\r\n<p style=\"text-align: center\">Z.H.J〖骑士&hearts;原创〗5.2.0</p>\r\n<p style=\"text-align: center\">左耳情话〖骑士&hearts;原创〗右耳沙哑</p>\r\n<p style=\"text-align: center\">叶坚强^_^〖骑士&hearts;原创〗沈淡定o_o</p>\r\n<p style=\"text-align: center\">旧时旅途牵梦人.〖骑士&hearts;原创〗儿时深巷撩人魂.</p>\r\n<p style=\"text-align: center\">外面风大我带你回家〖骑士&hearts;原创〗外面风大我跟你回家</p>\r\n<p style=\"text-align: center\">左心房〖骑士&hearts;原创〗敞大大</p>\r\n<p style=\"text-align: center\">Island（孤岛）〖骑士&hearts;原创〗Empty（空城）</p>\r\n<p style=\"text-align: center\">我怎么变这样！〖骑士&hearts;原创〗变得这样任性！</p>\r\n<p style=\"text-align: center\">他。〖骑士&hearts;原创〗她。</p>\r\n<p style=\"text-align: center\">回回头〖骑士&hearts;原创〗挥挥手</p>\r\n<p style=\"text-align: center\">原谅我无人稀罕*〖骑士&hearts;原创〗原谅我只稀罕你*</p>\r\n<p style=\"text-align: center\">李晶〖骑士&hearts;原创〗王传捷</p>\r\n<p style=\"text-align: center\">我有故事你有酒吗〖骑士&hearts;原创〗我有酒你跟我走吗</p>\r\n<p style=\"text-align: center\">无人能替你雪妹.&#1711;&#1602;&#8300;&#8300;〖骑士&hearts;原创〗万人不及你皓哥.&#1711;&#1602;&#8300;&#8300;</p>\r\n<p style=\"text-align: center\">大雄〖骑士&hearts;原创〗静香</p>\r\n<p style=\"text-align: center\">&radic;大头儿子〖骑士&hearts;原创〗&radic;小头爸爸</p>\r\n<p style=\"text-align: center\">后来多美〖骑士&hearts;原创〗别说后来</p>\r\n<p style=\"text-align: center\">你蹦楞儿是么〖骑士&hearts;原创〗你大得嘞是么</p>\r\n<p style=\"text-align: center\">吼！奥特曼〖骑士&hearts;原创〗哈！小怪兽</p>\r\n<p style=\"text-align: center\">【﹏一缕阳光｜花未央　〗〖骑士&hearts;原创〗【﹏一丝微风｜人未走　〗</p>\r\n<p style=\"text-align: center\">把手给我〖骑士&hearts;原创〗我带你走</p>\r\n<p style=\"text-align: center\">&#48320;&#48177;&#54788;&#10004;〖骑士&hearts;原创〗&#48149;&#52268;&#50676;&#10004;</p>\r\n<p style=\"text-align: center\">我在时光尽头.〖骑士&hearts;原创〗守我一起终老.</p>\r\n<p style=\"text-align: center\">闫嵩我喜欢你，〖骑士&hearts;原创〗让他看见好吗.</p>\r\n<p style=\"text-align: center\">半我多久〖骑士&hearts;原创〗久留不走</p>\r\n<p style=\"text-align: center\">土豆你个马铃薯〖骑士&hearts;原创〗番茄你个西红柿</p>\r\n<p style=\"text-align: center\">I&rsquo;mfat！〖骑士&hearts;原创〗You&rsquo;refat！</p>\r\n<p style=\"text-align: center\">肩膀我给你〖骑士&hearts;原创〗苦笑我陪你</p>\r\n<p style=\"text-align: center\">难舍、〖骑士&hearts;原创〗难分、</p>\r\n<p style=\"text-align: center\">男朋友〖骑士&hearts;原创〗女朋友</p>\r\n<p style=\"text-align: center\">嗜酒成性〖骑士&hearts;原创〗嗜你如命</p>\r\n<p style=\"text-align: center\">sunshn&#9728;〖骑士&hearts;原创〗noonlght</p>\r\n<p style=\"text-align: center\">&ldquo;不流泪的鱼&rdquo;〖骑士&hearts;原创〗&ldquo;不流泪的妳&rdquo;</p>\r\n<p style=\"text-align: center\">我条女咦〖骑士&hearts;原创〗你条仔咦</p>\r\n<p style=\"text-align: center\">二五一九，〖骑士&hearts;原创〗ys.</p>\r\n<p style=\"text-align: center\">赵傻比爱我嘛〖骑士&hearts;原创〗邝大傻不爱你爱谁</p>\r\n<p style=\"text-align: center\">他跟我说〖骑士&hearts;原创〗我的一句话能影响他的<u>心情</u></p>\r\n<p style=\"text-align: center\">我有他@〖骑士&hearts;原创〗我有她@</p>\r\n<p style=\"text-align: center\">&#44608;&#48124;&#49437;&#10004;〖骑士&hearts;原创〗&#44608;&#51456;&#47732;&#10004;</p>\r\n<p style=\"text-align: center\">大宝&#9996;〖骑士&hearts;原创〗小宝&#9996;</p>\r\n<p style=\"text-align: center\">空旧人。〖骑士&hearts;原创〗空久人。</p>\r\n<p style=\"text-align: center\">别多心〖骑士&hearts;原创〗别瞎想</p>\r\n<p style=\"text-align: center\">有些污垢是擦不掉的，〖骑士&hearts;原创〗因为歇太久就黏住了。</p>\r\n<p style=\"text-align: center\">-.久伴〖骑士&hearts;原创〗-.酒伴</p>\r\n<p style=\"text-align: center\">曾经、那段情〖骑士&hearts;原创〗曾经、那段伤</p>\r\n<p style=\"text-align: center\">情话说给左耳听〖骑士&hearts;原创〗行动做给右腿看</p>\r\n<p style=\"text-align: center\">wwz〖骑士&hearts;原创〗llu</p>\r\n<p style=\"text-align: center\">你看从前〖骑士&hearts;原创〗你在眼前</p>\r\n<p style=\"text-align: center\">丫头@〖骑士&hearts;原创〗小子@</p>\r\n<p style=\"text-align: center\">微微一笑百媚生&deg;〖骑士&hearts;原创〗卖萌卖傻很天真&deg;</p>\r\n<p style=\"text-align: center\">故事与酒.〖骑士&hearts;原创〗长发与眸.</p>\r\n<p style=\"text-align: center\">勿忘初心〖骑士&hearts;原创〗不忘初情</p>\r\n<p style=\"text-align: center\">女人心海底针〖骑士&hearts;原创〗男人性天上云</p>\r\n<p style=\"text-align: center\">爷们别放开我的双手！〖骑士&hearts;原创〗老婆别缺席我的以后！</p>\r\n<p style=\"text-align: center\">有你=有了世界〖骑士&hearts;原创〗没你=入了地域</p>\r\n<p style=\"text-align: center\">搁浅的鱼〖骑士&hearts;原创〗空巷的猫</p>\r\n<p style=\"text-align: center\">笑衬心酸&iota;〖骑士&hearts;原创〗笑衬新欢&iota;</p>\r\n<p style=\"text-align: center\">初三二班二组五排〖骑士&hearts;原创〗初三二班五组二排</p>\r\n<p style=\"text-align: center\">待你长发及腰嫁人可好〖骑士&hearts;原创〗待我挣得世界娶你可好</p>\r\n<p style=\"text-align: center\">&#51109;&#50696;&#55141;&#10004;〖骑士&hearts;原创〗&#44608;&#51333;&#45824;&#10004;</p>\r\n<p style=\"text-align: center\">本樱是神〖骑士&hearts;原创〗别闹是人</p>\r\n<p style=\"text-align: center\">别闹，我的裤子要掉。〖骑士&hearts;原创〗胡说，你穿的是裙子。</p>\r\n<p style=\"text-align: center\">陈誉夫我喜欢你〖骑士&hearts;原创〗他不会看见吧</p>\r\n<p style=\"text-align: center\">张粑粑〖骑士&hearts;原创〗张麻麻</p>\r\n<p style=\"text-align: center\">我老汉〖骑士&hearts;原创〗我婆姨</p>\r\n<p style=\"text-align: center\">爱到海枯石烂不算可笑〖骑士&hearts;原创〗爱到满头白发不算可笑</p>\r\n<p style=\"text-align: center\">深情不及久伴〖骑士&hearts;原创〗久伴不如深情</p>\r\n<p style=\"text-align: center\">听说你心里有人了〖骑士&hearts;原创〗不然你是鬼啊</p>\r\n<p style=\"text-align: center\">炫迈妹儿〖骑士&hearts;原创〗王晨正</p>\r\n<p style=\"text-align: center\">15年我们开始了。〖骑士&hearts;原创〗22年我们结婚吧。</p>\r\n<p style=\"text-align: center\">盛开的孤独〖骑士&hearts;原创〗蔓延在梦境</p>\r\n<p style=\"text-align: center\">炫迈妹〖骑士&hearts;原创〗王晨正</p>\r\n<p style=\"text-align: center\">断桥、〖骑士&hearts;原创〗残雪、</p>\r\n<p style=\"text-align: center\">&#9788;既然恋爱〖骑士&hearts;原创〗甭谈分手&#9789;</p>\r\n<p style=\"text-align: center\">`简箹.o○〖骑士&hearts;原创〗`简嗳.o○</p>\r\n<p style=\"text-align: center\">爱曾不从保留。〖骑士&hearts;原创〗岁月被眼泪蒸发</p>\r\n<p style=\"text-align: center\">离骚.〖骑士&hearts;原创〗离宁.</p>\r\n<p style=\"text-align: center\">别来无恙〖骑士&hearts;原创〗你在心上.</p>\r\n<p style=\"text-align: center\">不离〖骑士&hearts;原创〗不弃</p>\r\n<p style=\"text-align: center\">王逗逗〖骑士&hearts;原创〗周梓昂</p>\r\n<p style=\"text-align: center\">萌叔叔&#10084;〖骑士&hearts;原创〗怪阿姨&#10084;</p>\r\n<p style=\"text-align: center\">慢走〖骑士&hearts;原创〗不送</p>\r\n<p style=\"text-align: center\">心安《peace〖骑士&hearts;原创〗安心《Peaceofmn</p>\r\n<p style=\"text-align: center\"><img border=\"0\" alt=\"\" src=\"http://www.qq74.net/tupian/allimg/150426/1105491N3-0.jpg\" /></p>\r\n<p style=\"text-align: center\">故事与酒.〖骑士&hearts;原创〗长发与眸.</p>\r\n<p style=\"text-align: center\">哦何以琛〖骑士&hearts;原创〗恩赵默笙</p>\r\n<p style=\"text-align: center\">愿违]〖骑士&hearts;原创〗从未]</p>\r\n<p style=\"text-align: center\">只愿君心似我心〖骑士&hearts;原创〗定不负相思意</p>\r\n<p style=\"text-align: center\">他爱笑〖骑士&hearts;原创〗她爱闹</p>\r\n<p style=\"text-align: center\">酒友〖骑士&hearts;原创〗旧友</p>\r\n<p style=\"text-align: center\">回来吧〖骑士&hearts;原创〗从未走过</p>\r\n<p style=\"text-align: center\">我的心事〖骑士&hearts;原创〗你的秘密</p>\r\n<p style=\"text-align: center\">忘了&#1711;&#1602;〖骑士&hearts;原创〗望了&#1711;&#1602;</p>\r\n<p style=\"text-align: center\">＂简简单单〖骑士&hearts;原创〗＂平平淡淡</p>\r\n<p style=\"text-align: center\">L.G.Y〖骑士&hearts;原创〗5.4.9</p>\r\n<p style=\"text-align: center\">傻逼〖骑士&hearts;原创〗煞笔</p>\r\n<p style=\"text-align: center\">吕海源我喜欢你〖骑士&hearts;原创〗让他看见好不好</p>\r\n<p style=\"text-align: center\">&ldquo;为什么高冷&rdquo;〖骑士&hearts;原创〗&ldquo;暖时被伤过&rdquo;</p>\r\n<p style=\"text-align: center\">执念！〖骑士&hearts;原创〗欲念！</p>\r\n<p style=\"text-align: center\">孤独三年.〖骑士&hearts;原创〗落单校园.</p>\r\n<p style=\"text-align: center\">我为什么不能爱你〖骑士&hearts;原创〗我爱你就行了</p>\r\n<p style=\"text-align: center\">时光若好，总是无言〖骑士&hearts;原创〗你若安好，便是晴天</p>\r\n<p style=\"text-align: center\">请叫我女王大人〖骑士&hearts;原创〗请叫我国王陛下</p>\r\n<p style=\"text-align: center\">浅笑若梦，梦别离〖骑士&hearts;原创〗泪珠如花，花离去</p>\r\n<p style=\"text-align: center\">事隔经年〖骑士&hearts;原创〗海以泪默</p>\r\n<p style=\"text-align: center\">甜言蜜语〖骑士&hearts;原创〗说给左耳听</p>\r\n<p style=\"text-align: center\">&deg;弧〖骑士&hearts;原创〗&deg;孤</p>\r\n<p style=\"text-align: center\">你主动我们就会有故事〖骑士&hearts;原创〗我主动我们就会有孩子</p>\r\n<p style=\"text-align: center\">大大怪他很乖〖骑士&hearts;原创〗小小怪很有爱</p>\r\n<p style=\"text-align: center\">睡你麻痹起来嗨！〖骑士&hearts;原创〗嗨你麻痹我要睡！</p>\r\n<p style=\"text-align: center\">旧念。〖骑士&hearts;原创〗念旧。</p>\r\n<p style=\"text-align: center\">心安〖骑士&hearts;原创〗梦魇</p>\r\n<p style=\"text-align: center\">大大月的小小璇哎〖骑士&hearts;原创〗小小璇的大大月呀！</p>\r\n<p style=\"text-align: center\">，〖骑士&hearts;原创〗。</p>\r\n<p style=\"text-align: center\">快看我捡到一个男神〖骑士&hearts;原创〗媳妇快把劳资放下来</p>\r\n<p style=\"text-align: center\">相顾无言.〖骑士&hearts;原创〗尴尬笑场.</p>\r\n<p style=\"text-align: center\">&#50724;&#50669;&#48276;&#10004;〖骑士&hearts;原创〗&#54889;&#51088;&#46020;&#10004;</p>\r\n<p style=\"text-align: center\">吉他〖骑士&hearts;原创〗及她</p>\r\n<p style=\"text-align: center\">别离开〖骑士&hearts;原创〗一直在</p>\r\n<p style=\"text-align: center\">歌未歇.〖骑士&hearts;原创〗人未远.</p>\r\n<p style=\"text-align: center\">赵爱人〖骑士&hearts;原创〗邝爱人</p>\r\n<p style=\"text-align: center\">初遇&#9728;〖骑士&hearts;原创〗久违&#9728;</p>\r\n<p style=\"text-align: center\">有生之年〖骑士&hearts;原创〗余生不变</p>\r\n<p style=\"text-align: center\">BADBOY&#9787;〖骑士&hearts;原创〗GOODGIRL&#9786;</p>\r\n<p style=\"text-align: center\">&#9818;本王有爱妻〖骑士&hearts;原创〗本妃有爱夫&#9819;</p>\r\n<p style=\"text-align: center\">左心房〖骑士&hearts;原创〗敞大大</p>\r\n<p style=\"text-align: center\">伪人&#9788;〖骑士&hearts;原创〗佯狗&#9728;</p>\r\n<p style=\"text-align: center\">别来无恙！〖骑士&hearts;原创〗你在心上！</p>\r\n<p style=\"text-align: center\">┎「☆落兮〖骑士&hearts;原创〗|▍Angle、兮&deg;</p>\r\n<p style=\"text-align: center\">︶ㄣ守護de愛︶〖骑士&hearts;原创〗︶ㄣ守護de情</p>\r\n<p style=\"text-align: center\">他姓董我心动〖骑士&hearts;原创〗她姓张我心脏</p>\r\n<p style=\"text-align: center\">萌萌哒的王子〖骑士&hearts;原创〗羞羞嗒的公主</p>\r\n<p style=\"text-align: center\">抱抱〖骑士&hearts;原创〗不要</p>\r\n<p style=\"text-align: center\">初二一班.〖骑士&hearts;原创〗初二五班.</p>\r\n<p style=\"text-align: center\">我喜欢杨博宇〖骑士&hearts;原创〗让他看见好吗</p>\r\n<p style=\"text-align: center\">勿忘心焉〖骑士&hearts;原创〗勿失花败</p>\r\n<p style=\"text-align: center\">深信&#10004;〖骑士&hearts;原创〗不失信&#10004;</p>\r\n<p style=\"text-align: center\">杨颖&#9728;〖骑士&hearts;原创〗黄晓明&#9728;</p>\r\n<p style=\"text-align: center\">那时的我头发没有多长〖骑士&hearts;原创〗那时的眼神是青涩明亮</p>\r\n<p style=\"text-align: center\">未曾谋面的思念〖骑士&hearts;原创〗未曾谋面的爱情</p>\r\n<p style=\"text-align: center\">晶哥〖骑士&hearts;原创〗传捷</p>\r\n<p style=\"text-align: center\">你以为我不会分手〖骑士&hearts;原创〗我以为你不会出轨</p>\r\n<p style=\"text-align: center\">孤独先生〖骑士&hearts;原创〗寂寞女士</p>\r\n<p style=\"text-align: center\">左耳〖骑士&hearts;原创〗右脚</p>\r\n<p style=\"text-align: center\">拥抱吗〖骑士&hearts;原创〗趁现在</p>\r\n<p style=\"text-align: center\">我没闹.〖骑士&hearts;原创〗你别笑.</p>\r\n<p style=\"text-align: center\">入戏太深。〖骑士&hearts;原创〗只剩一人。</p>\r\n<p style=\"text-align: center\">嘿。站住〖骑士&hearts;原创〗呵。干嘛</p>\r\n<p style=\"text-align: center\">季凉川〖骑士&hearts;原创〗沈檬</p>\r\n<p style=\"text-align: center\">Z.H.J〖骑士&hearts;原创〗5.2.0</p>\r\n<p style=\"text-align: center\">粉红色长发迷人的嘴唇〖骑士&hearts;原创〗浅蓝色眼影迷离的眼神</p>\r\n<p style=\"text-align: center\">席绝城〖骑士&hearts;原创〗顾念昔</p>\r\n<p style=\"text-align: center\">不敢深情〖骑士&hearts;原创〗害怕受伤</p>\r\n<p style=\"text-align: center\">铅笔@〖骑士&hearts;原创〗橡皮@</p>\r\n<p style=\"text-align: center\">闹够了、〖骑士&hearts;原创〗哭够了、</p>\r\n<p style=\"text-align: center\">女朋友〖骑士&hearts;原创〗男朋友</p>\r\n<p style=\"text-align: center\">原地傻傻的等〖骑士&hearts;原创〗换不回那温纯</p>\r\n<p style=\"text-align: center\">拥之则安&#1602;〖骑士&hearts;原创〗伴之则暖&#1602;</p>\r\n<p style=\"text-align: center\">男朋友〖骑士&hearts;原创〗女朋友</p>\r\n<p style=\"text-align: center\">我爱你〖骑士&hearts;原创〗我还爱你</p>\r\n<p style=\"text-align: center\">张艺兴我一直都在〖骑士&hearts;原创〗张艺兴我从未离开</p>\r\n<p style=\"text-align: center\">昔日恋人.〖骑士&hearts;原创〗如今陌路</p>\r\n<p style=\"text-align: center\">别忘我爱你*〖骑士&hearts;原创〗*要记我爱你</p>\r\n<p style=\"text-align: center\">&#47336;&#54620;&#10004;〖骑士&hearts;原创〗&#50724;&#49464;&#54984;&#10004;</p>\r\n<p style=\"text-align: center\">青衫如故〖骑士&hearts;原创〗眉眼如初</p>\r\n<p style=\"text-align: center\">许你一世疼我。〖骑士&hearts;原创〗许你一世爱我。</p>\r\n<p style=\"text-align: center\">她是我的〖骑士&hearts;原创〗我是他的</p>\r\n<p style=\"text-align: center\">:-]下站－最后的幸福:-*:〖骑士&hearts;原创〗:-]下站－最后的浪漫:-*</p>\r\n<p style=\"text-align: center\">你怎么那么闹〖骑士&hearts;原创〗都是你宠的啊</p>\r\n<p style=\"text-align: center\">我喜欢的他@〖骑士&hearts;原创〗他喜欢的她@</p>\r\n<p style=\"text-align: center\">L,G,M〖骑士&hearts;原创〗5,4,6</p>\r\n<p style=\"text-align: center\">Chanyeol〖骑士&hearts;原创〗Baekhyun</p>\r\n<p style=\"text-align: center\">懵智〖骑士&hearts;原创〗狗哥</p>\r\n<p style=\"text-align: center\">李嘉祺我喜欢你〖骑士&hearts;原创〗别让他看见好吗</p>\r\n<p style=\"text-align: center\">橘子的店〖骑士&hearts;原创〗苹果的店</p>\r\n<p style=\"text-align: center\">她哭了！〖骑士&hearts;原创〗我慌了！</p>\r\n<p style=\"text-align: center\">什么都没有〖骑士&hearts;原创〗只剩下你了</p>\r\n<p style=\"text-align: center\">你的笑总是装作很天真〖骑士&hearts;原创〗说我们永远都不会分离</p>\r\n<p style=\"text-align: center\">眼泪你忘了吗〖骑士&hearts;原创〗爱我你怕了吗</p>\r\n<p style=\"text-align: center\">&#44608;&#51333;&#51064;&#10004;〖骑士&hearts;原创〗&#46020;&#44221;&#49688;&#10004;</p>\r\n<p style=\"text-align: center\">陌上人，〖骑士&hearts;原创〗离心人，</p>\r\n<p style=\"text-align: center\">舍不得忘记〖骑士&hearts;原创〗不甘心放弃</p>\r\n<p style=\"text-align: center\">她是我的〖骑士&hearts;原创〗我是他的</p>\r\n<p style=\"text-align: center\">ギミ我说/爱你ルッ〖骑士&hearts;原创〗ギミ你说/爱我ルッ</p>\r\n<p style=\"text-align: center\">热酒烫喉〖骑士&hearts;原创〗冷水凉心</p>\r\n<p style=\"text-align: center\">逗比，在吗〖骑士&hearts;原创〗傻逼，在呢</p>\r\n<p style=\"text-align: center\">对不起〖骑士&hearts;原创〗没关系</p>\r\n<p style=\"text-align: center\">反正只是演戏〖骑士&hearts;原创〗反正只是练习</p>\r\n<p style=\"text-align: center\">他不爱我@〖骑士&hearts;原创〗我不爱他@</p>\r\n<p style=\"text-align: center\">媳妇快看天上好多月亮〖骑士&hearts;原创〗笨蛋那是星星</p>\r\n<p style=\"text-align: center\">一瞬间，怦然心动〖骑士&hearts;原创〗一辈子，伴你左右</p>\r\n<p style=\"text-align: center\">幽微灵秀地〖骑士&hearts;原创〗无可奈何天</p>\r\n<p style=\"text-align: center\">从阿格〖骑士&hearts;原创〗张阿龙</p>\r\n<p style=\"text-align: center\">许戈〖骑士&hearts;原创〗李珥</p>\r\n<p style=\"text-align: center\">我男朋友〖骑士&hearts;原创〗我女朋友</p>\r\n<p style=\"text-align: center\">我有病〖骑士&hearts;原创〗我有药</p>\r\n<p style=\"text-align: center\">爱能克服远距离〖骑士&hearts;原创〗多远都要在一起</p>\r\n<p style=\"text-align: center\">扬起手中的沙〖骑士&hearts;原创〗结束虚假的话</p>\r\n<p style=\"text-align: center\">不甘朋友.〖骑士&hearts;原创〗不敢恋人.</p>\r\n<p style=\"text-align: center\">&nbsp;</p>',34,4377,55,0,0,0,0,0,0,0,2016,2016);

/*Table structure for table `sr_group_topic_collect` */

DROP TABLE IF EXISTS `sr_group_topic_collect`;

CREATE TABLE `sr_group_topic_collect` (
  `userid` int(11) NOT NULL DEFAULT '0',
  `username` char(64) NOT NULL DEFAULT '' COMMENT '用户名',
  `topicid` int(11) NOT NULL DEFAULT '0',
  `addtime` int(11) NOT NULL DEFAULT '0' COMMENT '收藏时间',
  UNIQUE KEY `userid_2` (`userid`,`topicid`),
  KEY `userid` (`userid`),
  KEY `topicid` (`topicid`)
) ENGINE=MyISAM DEFAULT CHARSET=utf8 COMMENT='帖子收藏';

/*Data for the table `sr_group_topic_collect` */

/*Table structure for table `sr_group_topic_comment` */

DROP TABLE IF EXISTS `sr_group_topic_comment`;

CREATE TABLE `sr_group_topic_comment` (
  `commentid` int(11) NOT NULL AUTO_INCREMENT COMMENT '评论ID',
  `referid` int(11) NOT NULL DEFAULT '0',
  `topicid` int(11) NOT NULL DEFAULT '0' COMMENT '话题ID',
  `userid` int(11) NOT NULL DEFAULT '0' COMMENT '用户ID',
  `content` text NOT NULL COMMENT '回复内容',
  `path` char(32) NOT NULL DEFAULT '' COMMENT '图片或者附件存储目录',
  `photo` char(32) NOT NULL DEFAULT '' COMMENT '图片地址',
  `attach` char(32) NOT NULL DEFAULT '' COMMENT '附件地址',
  `attachname` char(64) NOT NULL DEFAULT '' COMMENT '附件名字',
  `ispublic` tinyint(1) NOT NULL DEFAULT '0' COMMENT '0公开1不公开（仅自己和发帖者可看）',
  `addtime` int(11) DEFAULT '0' COMMENT '回复时间',
  `count_love` int(11) NOT NULL DEFAULT '0',
  PRIMARY KEY (`commentid`),
  KEY `topicid` (`topicid`),
  KEY `userid` (`userid`),
  KEY `referid` (`referid`,`topicid`)
) ENGINE=MyISAM AUTO_INCREMENT=3 DEFAULT CHARSET=utf8 COMMENT='话题回复/评论';

/*Data for the table `sr_group_topic_comment` */

insert  into `sr_group_topic_comment`(`commentid`,`referid`,`topicid`,`userid`,`content`,`path`,`photo`,`attach`,`attachname`,`ispublic`,`addtime`,`count_love`) values (1,0,1000021,1,'回复100002110000211000021回复100002110000211000021回复100002110000211000021回复100002110000211000021','','','','',0,0,0),(2,0,1000021,1,'保持保持保持保持保持保持保持','','','','',0,0,0);

/*Table structure for table `sr_group_user` */

DROP TABLE IF EXISTS `sr_group_user`;

CREATE TABLE `sr_group_user` (
  `userid` int(11) NOT NULL DEFAULT '0' COMMENT '用户ID',
  `groupid` int(11) NOT NULL DEFAULT '0' COMMENT '群组ID',
  `isadmin` int(11) NOT NULL DEFAULT '0' COMMENT '是否管理员',
  `isfounder` tinyint(1) NOT NULL DEFAULT '0' COMMENT '是否创始人',
  `addtime` int(11) NOT NULL DEFAULT '0' COMMENT '加入时间',
  UNIQUE KEY `userid_2` (`userid`,`groupid`),
  KEY `userid` (`userid`),
  KEY `groupid` (`groupid`),
  KEY `groupid_2` (`groupid`,`isadmin`,`isfounder`),
  KEY `addtime` (`addtime`)
) ENGINE=MyISAM DEFAULT CHARSET=utf8 CHECKSUM=1 DELAY_KEY_WRITE=1 ROW_FORMAT=DYNAMIC COMMENT='圈子和用户对应关系';

/*Data for the table `sr_group_user` */

insert  into `sr_group_user`(`userid`,`groupid`,`isadmin`,`isfounder`,`addtime`) values (1,1,1,1,2016);

/*Table structure for table `sr_system_options` */

DROP TABLE IF EXISTS `sr_system_options`;

CREATE TABLE `sr_system_options` (
  `optionname` char(32) NOT NULL DEFAULT '' COMMENT '选项名字',
  `optionvalue` char(255) NOT NULL DEFAULT '' COMMENT '选项内容',
  UNIQUE KEY `optionname` (`optionname`)
) ENGINE=MyISAM DEFAULT CHARSET=utf8 COMMENT='系统管理配置';

/*Data for the table `sr_system_options` */

insert  into `sr_system_options`(`optionname`,`optionvalue`) values ('site_title','ThinkSAAS'),('site_subtitle','又一个ThinkSAAS社区'),('site_key','thinksaas'),('site_desc','thinksaas'),('site_url','http://localhost/thinksaas_svn/'),('link_url','http://localhost/thinksaas_svn/'),('site_email','admin@admin.com'),('site_icp','京ICP备09050100号'),('isface','0'),('isinvite','0'),('isverify','0'),('istomy','0'),('isauthcode','0'),('isgzip','0'),('isunattended','0'),('isallowdelete','0'),('isallowedit','0'),('timezone','Asia/Hong_Kong'),('site_theme','sample'),('site_urltype','1'),('photo_size','2'),('photo_type','jpg,gif,png,jpeg'),('attach_size','2'),('attach_type','zip,rar,doc,txt,ppt'),('logo','logo.png');

/*Table structure for table `sr_user` */

DROP TABLE IF EXISTS `sr_user`;

CREATE TABLE `sr_user` (
  `userid` int(11) NOT NULL AUTO_INCREMENT COMMENT '用户ID',
  `pwd` char(32) NOT NULL DEFAULT '' COMMENT '用户密码',
  `salt` char(32) NOT NULL DEFAULT '' COMMENT '加点盐',
  `email` char(64) NOT NULL DEFAULT '' COMMENT '用户email',
  `username` char(50) NOT NULL DEFAULT '' COMMENT '用户名称',
  `code` char(32) NOT NULL DEFAULT '' COMMENT '邮箱验证码',
  PRIMARY KEY (`userid`),
  UNIQUE KEY `email` (`email`),
  UNIQUE KEY `pwd` (`pwd`,`email`)
) ENGINE=MyISAM AUTO_INCREMENT=9 DEFAULT CHARSET=utf8 COMMENT='用户';

/*Data for the table `sr_user` */

insert  into `sr_user`(`userid`,`pwd`,`salt`,`email`,`username`,`code`) values (8,'2a76287c7eacc83b32e963f11a0b7587','q75TYQ7ZRZ87Yybrp84z','85136105@qq.com','ekiny','');

/*Table structure for table `sr_user_follow` */

DROP TABLE IF EXISTS `sr_user_follow`;

CREATE TABLE `sr_user_follow` (
  `userid` int(11) NOT NULL DEFAULT '0' COMMENT '用户ID',
  `userid_follow` int(11) NOT NULL DEFAULT '0' COMMENT '被关注的用户ID',
  `addtime` int(11) NOT NULL DEFAULT '0' COMMENT '添加时间',
  UNIQUE KEY `userid_2` (`userid`,`userid_follow`),
  KEY `userid` (`userid`),
  KEY `userid_follow` (`userid_follow`)
) ENGINE=MyISAM DEFAULT CHARSET=utf8 COMMENT='用户关注跟随';

/*Data for the table `sr_user_follow` */

/*Table structure for table `sr_user_gb` */

DROP TABLE IF EXISTS `sr_user_gb`;

CREATE TABLE `sr_user_gb` (
  `id` int(11) NOT NULL AUTO_INCREMENT,
  `reid` int(11) NOT NULL DEFAULT '0' COMMENT '回复ID',
  `userid` int(11) NOT NULL DEFAULT '0' COMMENT '留言用户ID',
  `touserid` int(11) NOT NULL DEFAULT '0' COMMENT '被留言用户ID',
  `content` varchar(2000) NOT NULL DEFAULT '' COMMENT '内容',
  `addtime` datetime NOT NULL DEFAULT '0000-00-00 00:00:00' COMMENT '时间',
  PRIMARY KEY (`id`),
  KEY `userid` (`userid`),
  KEY `touserid` (`touserid`)
) ENGINE=MyISAM DEFAULT CHARSET=utf8 COMMENT='留言表';

/*Data for the table `sr_user_gb` */

/*Table structure for table `sr_user_group` */

DROP TABLE IF EXISTS `sr_user_group`;

CREATE TABLE `sr_user_group` (
  `id` int(11) NOT NULL AUTO_INCREMENT COMMENT '用户组ID',
  `groupname` char(32) NOT NULL DEFAULT '' COMMENT '用户组名字',
  `view` tinyint(1) NOT NULL DEFAULT '0' COMMENT '查看权限0有1没有',
  `delete` tinyint(1) NOT NULL DEFAULT '0' COMMENT '删除权限',
  `edit` tinyint(1) NOT NULL DEFAULT '0' COMMENT '修改权限',
  `create` tinyint(1) NOT NULL DEFAULT '0' COMMENT '写入权限',
  `score` int(11) NOT NULL DEFAULT '0' COMMENT '积分挂钩',
  PRIMARY KEY (`id`)
) ENGINE=MyISAM DEFAULT CHARSET=utf8 COMMENT='用户组';

/*Data for the table `sr_user_group` */

/*Table structure for table `sr_user_info` */

DROP TABLE IF EXISTS `sr_user_info`;

CREATE TABLE `sr_user_info` (
  `userid` int(11) NOT NULL DEFAULT '0' COMMENT '用户ID',
  `username` char(32) NOT NULL DEFAULT '' COMMENT '用户名',
  `email` char(64) NOT NULL DEFAULT '',
  `sex` tinyint(1) NOT NULL DEFAULT '0' COMMENT '性别',
  `phone` char(16) NOT NULL DEFAULT '' COMMENT '电话号码',
  `roleid` int(11) NOT NULL DEFAULT '1' COMMENT '角色ID',
  `province` char(64) NOT NULL DEFAULT '' COMMENT '省/直辖市/自治区',
  `city` char(65) NOT NULL DEFAULT '' COMMENT '市县区',
  `path` char(32) NOT NULL DEFAULT '' COMMENT '头像路径',
  `face` char(64) NOT NULL DEFAULT '' COMMENT '会员头像',
  `signed` char(64) NOT NULL DEFAULT '' COMMENT '签名',
  `about` char(255) NOT NULL DEFAULT '' COMMENT '关于我',
  `ip` varchar(16) NOT NULL DEFAULT '' COMMENT '登陆IP',
  `address` char(64) NOT NULL DEFAULT '',
  `count_score` int(11) NOT NULL DEFAULT '0' COMMENT '统计积分',
  `count_follow` int(11) NOT NULL DEFAULT '0' COMMENT '统计用户跟随的',
  `count_followed` int(11) NOT NULL DEFAULT '0' COMMENT '统计用户被跟随的',
  `count_group` int(11) NOT NULL DEFAULT '0' COMMENT '统计小组数',
  `count_topic` int(11) NOT NULL DEFAULT '0' COMMENT '统计帖子',
  `isadmin` tinyint(1) NOT NULL DEFAULT '0' COMMENT '是否是管理员',
  `isenable` tinyint(1) NOT NULL DEFAULT '0' COMMENT '是否启用：0启用1禁用',
  `isverify` tinyint(1) NOT NULL DEFAULT '0' COMMENT '0未验证1验证',
  `isrenzheng` tinyint(1) NOT NULL DEFAULT '0' COMMENT '是否认证0未认证1认证',
  `isrecommend` tinyint(1) NOT NULL DEFAULT '0' COMMENT '是否推荐',
  `autologin` char(128) NOT NULL DEFAULT '' COMMENT '自动登陆',
  `signin` varchar(20) NOT NULL DEFAULT '' COMMENT '签到时间',
  `addtime` varchar(20) NOT NULL DEFAULT '' COMMENT '创建时间',
  `uptime` varchar(20) NOT NULL DEFAULT '' COMMENT '登陆时间',
  UNIQUE KEY `email` (`email`),
  UNIQUE KEY `userid` (`userid`),
  UNIQUE KEY `email_2` (`email`,`autologin`),
  KEY `isrecommend` (`isrecommend`),
  KEY `isrenzheng` (`isrenzheng`)
) ENGINE=MyISAM DEFAULT CHARSET=utf8 COMMENT='用户';

/*Data for the table `sr_user_info` */

insert  into `sr_user_info`(`userid`,`username`,`email`,`sex`,`phone`,`roleid`,`province`,`city`,`path`,`face`,`signed`,`about`,`ip`,`address`,`count_score`,`count_follow`,`count_followed`,`count_group`,`count_topic`,`isadmin`,`isenable`,`isverify`,`isrenzheng`,`isrecommend`,`autologin`,`signin`,`addtime`,`uptime`) values (8,'ekiny','85136105@qq.com',0,'',1,'','','0/0','0/0/1.gif','','','','',50,0,0,0,0,0,0,0,0,0,'','2016-10-08 21:27:14','2016-10-08 21:27:14','2016-10-08 21:27:14');

/*Table structure for table `sr_user_role` */

DROP TABLE IF EXISTS `sr_user_role`;

CREATE TABLE `sr_user_role` (
  `roleid` int(11) NOT NULL AUTO_INCREMENT COMMENT '角色ID',
  `rolename` char(32) NOT NULL DEFAULT '' COMMENT '角色名称',
  `score_start` int(11) NOT NULL DEFAULT '0' COMMENT '积分开始',
  `score_end` int(11) NOT NULL DEFAULT '0' COMMENT '积分结束',
  PRIMARY KEY (`roleid`)
) ENGINE=MyISAM AUTO_INCREMENT=18 DEFAULT CHARSET=utf8 COMMENT='角色';

/*Data for the table `sr_user_role` */

insert  into `sr_user_role`(`roleid`,`rolename`,`score_start`,`score_end`) values (1,'列兵',0,5000),(2,'下士',5000,20000),(3,'中士',20000,40000),(4,'上士',40000,80000),(5,'三级准尉',80000,160000),(6,'二级准尉',160000,320000),(7,'一级准尉',320000,640000),(8,'少尉',640000,1280000),(9,'中尉',1280000,2560000),(10,'上尉',2560000,5120000),(11,'少校',5120000,10240000),(12,'中校',10240000,20480000),(13,'上校',20480000,40960000),(14,'准将',40960000,81920000),(15,'少将',81920000,123840000),(16,'中将',123840000,327680000),(17,'上将',327680000,0);

/*!40101 SET SQL_MODE=@OLD_SQL_MODE */;
/*!40014 SET FOREIGN_KEY_CHECKS=@OLD_FOREIGN_KEY_CHECKS */;
/*!40014 SET UNIQUE_CHECKS=@OLD_UNIQUE_CHECKS */;
/*!40111 SET SQL_NOTES=@OLD_SQL_NOTES */;
